lookback,fold,seed,epoch,train_huber_loss,validation_mae
7,1,11,0,,79266.27388535033
7,1,11,1,0.007150830656644844,79206.43209598
7,1,11,2,0.007124170749669983,79257.92512968092
7,1,11,3,0.007100320277026012,79138.24768962477
7,1,11,4,0.007081239883388791,79089.59489439423
7,1,11,5,0.007046566610889775,78962.90161886123
7,1,11,6,0.00700728479950201,78797.90263681272
7,1,11,7,0.006972846652691563,78662.99055124662
7,1,11,8,0.006899009159366999,78496.97763265867
7,1,11,9,0.006890470428126199,78276.14281237256
7,1,11,10,0.006833527680663835,78066.65510490145
7,1,11,11,0.006818651443436032,77797.89525006854
7,1,11,12,0.006820793773624159,77739.12487975044
7,1,11,13,0.006777899495015542,77556.00517126119
7,1,11,14,0.006746036743390418,77422.94467522494
7,1,11,15,0.006730615039400402,77370.96264270273
7,1,11,16,0.006738500436767936,77222.49591077739
7,1,11,17,0.006608672085262481,77142.09090064563
7,1,11,18,0.006619883701205254,77111.9979336321
7,1,11,19,0.006656753897134747,77014.1365398481
7,1,11,20,0.006610428182674306,77102.4313616353
7,1,11,21,0.0065946984548299085,76966.06640506546
7,1,11,22,0.0065449925050849005,77000.18254538739
7,1,11,23,0.0065763940857279865,76999.84698147881
7,1,11,24,0.006598571027141242,76936.87335464207
7,1,11,25,0.0066032191250650655,76907.09975632203
7,1,11,26,0.006557728840215575,76947.06215683128
7,1,11,27,0.006557683482588757,76991.33260497525
7,1,11,28,0.0065460363402962685,76895.27928741123
7,1,11,29,0.006551192308376942,76908.80886932647
7,1,11,30,0.006479837332985231,76904.6367887002
7,1,11,31,0.006538340444898321,76909.11387781637
7,1,11,32,0.006473883487550276,76875.80933547497
7,1,11,33,0.006476127143417086,76856.43350136455
7,1,11,34,0.0064370175047467155,76822.47074219088
7,1,11,35,0.00650176537844042,76811.80300744149
7,1,11,36,0.006494374857062385,76851.29503100195
7,1,11,37,0.0064717907392020735,76793.8093389183
7,1,11,38,0.006428736184413235,76796.43464861687
7,1,11,39,0.006404081847341288,76767.92402125371
7,1,11,40,0.0064094041451989185,76686.11428335524
7,1,11,41,0.0064119452699309305,76746.43437969012
7,1,11,42,0.006496071261132047,76670.32366146399
7,1,11,43,0.0063368696275921095,76768.25415188311
7,1,11,44,0.0063904214628218185,76729.92466265545
7,1,11,45,0.006416762103548362,76753.47955573049
7,1,11,46,0.006312157415474455,76750.6092546259
7,1,11,47,0.006331543804013303,76658.58870307589
7,1,11,48,0.00634215557060781,76708.46538141381
7,1,11,49,0.006283202230752934,76602.6992875549
7,1,11,50,0.006295320322914492,76733.04537237158
7,1,11,51,0.0061948793230667005,76594.46715506731
7,1,11,52,0.006237374574300789,76620.06414724715
7,1,11,53,0.006107918430297147,76624.19130433798
7,1,11,54,0.006306761498784735,76492.70932077688
7,1,11,55,0.006230646955026757,76559.20339998143
7,1,11,56,0.00612655032559165,76650.13668911342
7,1,11,57,0.0061779026540794545,76501.78511287666
7,1,11,58,0.006155031311902262,76550.90071605082
7,1,11,59,0.006183421449913155,76700.27287155559
7,1,11,60,0.006157725905289962,76576.83138027464
7,1,11,61,0.0061309361231646365,76505.36229280604
7,1,11,62,0.006076515463757373,76640.4363298292
7,1,11,63,0.0061706930531987125,76654.21575093328
7,1,11,64,0.006163519019970582,76720.95900128537
7,1,11,65,0.006104761413076804,76624.51623415686
7,1,11,66,0.006081636906379745,76666.46427214534
7,1,11,67,0.006062370979981054,76631.23622827198
7,1,11,68,0.00607322893726329,76593.31337777387
7,1,11,69,0.0061035144275852615,76500.53948925086
7,1,22,0,,79266.27388535033
7,1,22,1,0.00715565796764124,79301.90962409643
7,1,22,2,0.007130364576975505,79287.4038893884
7,1,22,3,0.007116082213109448,79269.26934151871
7,1,22,4,0.007086372690364009,79124.19991411571
7,1,22,5,0.007063449160861117,79306.58836199908
7,1,22,6,0.007047981910762333,79088.93702061022
7,1,22,7,0.006998416125064804,79058.1279010527
7,1,22,8,0.006949789045999448,79105.36326504138
7,1,22,9,0.006940872785413549,78940.03067480141
7,1,22,10,0.006904904264956713,78825.52064693347
7,1,22,11,0.006888100744358131,78766.19051603449
7,1,22,12,0.0068026273511350155,78584.43079167164
7,1,22,13,0.006810455394553996,78533.74194869514
7,1,22,14,0.006820055401130091,78462.35184329955
7,1,22,15,0.006756531551391596,78230.45994717002
7,1,22,16,0.006766332756905328,78180.7992096237
7,1,22,17,0.006766434980645066,78171.51161013286
7,1,22,18,0.006730674233819757,78130.75881614925
7,1,22,19,0.006696571729012898,77855.11992925966
7,1,22,20,0.00673758953676692,77845.37189174889
7,1,22,21,0.006665110144586791,77743.42635572035
7,1,22,22,0.006717521342493239,77723.51825472106
7,1,22,23,0.00668360278498204,77665.96578915707
7,1,22,24,0.006687473927047991,77669.93947181215
7,1,22,25,0.006642832254458751,77524.16714360469
7,1,22,26,0.006586205125564621,77476.87484274563
7,1,22,27,0.0066981685480901176,77348.21860500677
7,1,22,28,0.006526528369812738,77338.66253285274
7,1,22,29,0.006589642060654504,77426.0745965935
7,1,22,30,0.006559538788029126,77222.66062562184
7,1,22,31,0.006477058765345386,77122.70597339682
7,1,22,32,0.0064480007360024115,77248.36052040152
7,1,22,33,0.006609343834930942,77208.14128695098
7,1,22,34,0.006577009379508949,77160.3553822851
7,1,22,35,0.006562798938137435,77156.00020258153
7,1,22,36,0.006530049212631725,77193.04721757557
7,1,22,37,0.006482981222992142,77162.40864946524
7,1,22,38,0.006535650829651526,77209.81410915093
7,1,22,39,0.006512304213607595,77121.50262359217
7,1,22,40,0.006446013892335551,77308.92234670342
7,1,22,41,0.0063999550904901255,77000.11597239332
7,1,22,42,0.006448622693174652,77178.90165850167
7,1,22,43,0.006342334373454962,77226.47976427301
7,1,22,44,0.006442052666984853,77234.17234481969
7,1,22,45,0.006382728416827463,77148.23932767399
7,1,22,46,0.006379021409278114,77351.13281083589
7,1,22,47,0.006389862081656854,77214.13869338311
7,1,22,48,0.006346605995315171,76996.76396312953
7,1,22,49,0.006391090296563648,77548.72392243317
7,1,22,50,0.006401595615205311,77224.21080639548
7,1,22,51,0.0063519596144379605,77218.22867808296
7,1,22,52,0.006243962883239701,77213.08360248826
7,1,22,53,0.0063159596729314045,77326.01394592454
7,1,22,54,0.006284290270525075,77100.23727904377
7,1,22,55,0.0063338336712192925,77425.60172704913
7,1,22,56,0.0063265555626934485,77395.87535851954
7,1,22,57,0.006259045541463863,77418.98502938494
7,1,22,58,0.006243849616675149,77392.47522405231
7,1,22,59,0.006276514514216355,77314.54992532083
7,1,22,60,0.006279014782713992,77403.08530029785
7,1,22,61,0.006208186869376472,77482.0380270231
7,1,22,62,0.006142185169405171,77401.28743206678
7,1,22,63,0.006226036575667206,77710.15323586382
7,1,33,0,,79266.27388535033
7,1,33,1,0.007169856113337335,79513.30459499445
7,1,33,2,0.007137120745721317,79269.8079959797
7,1,33,3,0.007100365457258054,79250.32588184952
7,1,33,4,0.0070661937906628565,79261.36044512244
7,1,33,5,0.0070421289364319475,79207.83274206256
7,1,33,6,0.007021340519367229,79171.00681490697
7,1,33,7,0.006989905699377968,79046.82713588224
7,1,33,8,0.006986380721043263,79001.78675715766
7,1,33,9,0.006954030799014228,79042.18298396295
7,1,33,10,0.006972598133697396,78823.45926091049
7,1,33,11,0.00694457193215688,78900.08638255211
7,1,33,12,0.006882462384445327,78640.35295025616
7,1,33,13,0.00689430891846617,78520.53389988407
7,1,33,14,0.006844499015382358,78404.48466274602
7,1,33,15,0.006844112449990851,78266.19347723044
7,1,33,16,0.006812829834719499,78098.5835471933
7,1,33,17,0.006792763092865546,78088.17480340839
7,1,33,18,0.006717554703798322,78021.20368328757
7,1,33,19,0.006702082974481441,77918.46603282283
7,1,33,20,0.006616923270658368,77811.73171866607
7,1,33,21,0.006670421100265923,77842.99931068599
7,1,33,22,0.00668576934064428,77610.5503429382
7,1,33,23,0.006599075593320387,77695.00206783805
7,1,33,24,0.0066185742505781705,77486.90576976626
7,1,33,25,0.006660835019179753,77771.85667599972
7,1,33,26,0.006535104664397382,77669.8177178562
7,1,33,27,0.0065586269567055365,77628.12324302628
7,1,33,28,0.006538092801790862,77474.71432025413
7,1,33,29,0.0065671112610115896,77315.81891677965
7,1,33,30,0.0064983978490566925,77356.24316210342
7,1,33,31,0.006499110643441479,77525.05212404743
7,1,33,32,0.006457017623775062,77324.77084074148
7,1,33,33,0.006546063980619822,77332.51016431586
7,1,33,34,0.006508214975751582,77428.09582663391
7,1,33,35,0.006508747914007732,77620.17261854914
7,1,33,36,0.00652257836468163,77284.85236047432
7,1,33,37,0.006422131477544705,77458.85481035942
7,1,33,38,0.006420913950673172,77558.12639744233
7,1,33,39,0.006513929393674646,77380.29107156827
7,1,33,40,0.006442013152298473,77164.08893185008
7,1,33,41,0.006444279658829882,77448.88710704038
7,1,33,42,0.006400849093638715,77477.55305600546
7,1,33,43,0.006413777436440189,77420.07193072748
7,1,33,44,0.006422785299253606,77252.84006465787
7,1,33,45,0.0063645625154354745,77359.4064741381
7,1,33,46,0.006419372755945439,77605.5691581176
7,1,33,47,0.0063501594233370965,77098.20218963854
7,1,33,48,0.0062970819084772044,77373.24998001683
7,1,33,49,0.006370808064405408,77501.60204382507
7,1,33,50,0.006354502147241007,77529.62965497842
7,1,33,51,0.0063830331699656585,77654.12179957647
7,1,33,52,0.006255049535649873,77989.23890632056
7,1,33,53,0.006349173230340793,77334.05397125515
7,1,33,54,0.006334760991324272,77967.97792463854
7,1,33,55,0.006392154266082105,77323.00343039472
7,1,33,56,0.006440965536360939,77310.30888937222
7,1,33,57,0.006330053355278713,78015.46117314066
7,1,33,58,0.006290209523978687,77430.68817944993
7,1,33,59,0.006268226497230076,77886.51563292436
7,1,33,60,0.00622316728168655,77642.2828739406
7,1,33,61,0.006274624594620296,77676.60574414878
7,1,33,62,0.006268632132560015,77355.79282023438
7,2,11,0,,529609.9852941176
7,2,11,1,0.01007466994066452,529669.2934293066
7,2,11,2,0.010038869495900174,529580.6733663063
7,2,11,3,0.010010924884561893,529579.6289668208
7,2,11,4,0.009992851044385008,529669.5532849571
7,2,11,5,0.009947349602722791,529631.8101306326
7,2,11,6,0.009928616735830328,529571.1314465104
7,2,11,7,0.009857621318598887,529684.547385634
7,2,11,8,0.009821581514945436,529765.4131539826
7,2,11,9,0.00976102959153448,529850.2683528534
7,2,11,10,0.009731200163053805,529914.6149739079
7,2,11,11,0.00968788922185795,529953.5378708016
7,2,11,12,0.009676663212891583,529882.0568938872
7,2,11,13,0.00958307279078391,529954.7177041438
7,2,11,14,0.009631737716163456,529891.412776469
7,2,11,15,0.009565588805276285,529952.8286509643
7,2,11,16,0.009590720597191729,529942.5633755454
7,2,11,17,0.009525861680975006,529998.7087720691
7,2,11,18,0.009490967712469569,529812.3299639225
7,2,11,19,0.009559562660088656,529943.3063446542
7,2,11,20,0.009492535817024576,529794.9570102562
7,2,11,21,0.00948097096055081,529748.1640614831
7,2,22,0,,529609.9852941176
7,2,22,1,0.010077291517097174,529552.969360604
7,2,22,2,0.010046421483931985,529490.3749867937
7,2,22,3,0.010036866117686716,529662.790893149
7,2,22,4,0.009990637987151076,529547.4492243229
7,2,22,5,0.009941733908469915,529469.5532637732
7,2,22,6,0.009904240231637464,529492.2331219959
7,2,22,7,0.00988299713444203,529603.836964589
7,2,22,8,0.009853619861947901,529694.4256361603
7,2,22,9,0.009785743052223012,529639.5400767997
7,2,22,10,0.009756637179934217,529831.0948569535
7,2,22,11,0.009722412536336407,529902.865630325
7,2,22,12,0.009655421087462163,530031.1071832654
7,2,22,13,0.009676272713492733,529996.6677579317
7,2,22,14,0.009656157291216824,529960.6600085332
7,2,22,15,0.00958985939455658,530229.4061681657
7,2,22,16,0.009580215747019925,530107.6989115748
7,2,22,17,0.009563472267999723,530048.8125622675
7,2,22,18,0.009617597730864015,530053.8617366868
7,2,22,19,0.009509309584811887,530124.0968477196
7,2,22,20,0.009531887531262542,530310.1862020883
7,2,33,0,,529609.9852941176
7,2,33,1,0.010075599095583034,529554.9655670729
7,2,33,2,0.010035807425234876,529789.206797651
7,2,33,3,0.010024760423432609,529642.1712968367
7,2,33,4,0.009964967958754956,529770.8182547807
7,2,33,5,0.009944089931021338,529825.575161143
7,2,33,6,0.009908945986100072,529739.4435860774
7,2,33,7,0.009877009957633347,529889.4953143577
7,2,33,8,0.009901519678308391,529854.4529757473
7,2,33,9,0.009822919446889612,529944.4332275037
7,2,33,10,0.009837435990958435,529951.2819269747
7,2,33,11,0.009783967456525355,529816.915501727
7,2,33,12,0.009731492858416029,530010.7584825279
7,2,33,13,0.009706218324183735,529849.8952763184
7,2,33,14,0.009684524480905047,530070.9105942594
7,2,33,15,0.0096563008581305,530043.17948066
7,2,33,16,0.009648326712472878,530177.1408113549
14,1,11,0,,79266.27388535033
14,1,11,1,0.007155736863967918,79212.80271019237
14,1,11,2,0.007139565910966624,79190.96297849358
14,1,11,3,0.007108934112780151,79056.5737465882
14,1,11,4,0.007081613698530765,78965.70343485991
14,1,11,5,0.007045707887127286,78890.8121080316
14,1,11,6,0.006994263047263736,78700.97293572825
14,1,11,7,0.006938873468676493,78602.19285936472
14,1,11,8,0.006879433191248349,78456.3463191409
14,1,11,9,0.006812681310943195,78294.00117920592
14,1,11,10,0.006762943651881956,78063.08827990308
14,1,11,11,0.006699342790636278,77886.01297213916
14,1,11,12,0.00661648245572689,77701.39391429568
14,1,11,13,0.006631263986318594,77618.0067982994
14,1,11,14,0.006607744687547286,77437.08052607584
14,1,11,15,0.006596170875820376,77603.51193789754
14,1,11,16,0.006550127662540902,77618.85635500244
14,1,11,17,0.006526652468545805,77418.36145905356
14,1,11,18,0.006517154907452918,77498.21993564125
14,1,11,19,0.006622433296537825,77615.64450501578
14,1,11,20,0.006534612072365624,77201.3887936151
14,1,11,21,0.006495812020841099,77423.9435456176
14,1,11,22,0.0064665925511646835,77452.78370251403
14,1,11,23,0.006549836790543937,77310.34872257739
14,1,11,24,0.006471090872461597,77371.43624127403
14,1,11,25,0.006547775130630249,77249.55342948993
14,1,11,26,0.0064393568650952405,77259.27936033254
14,1,11,27,0.006433401545066209,77458.42373269016
14,1,11,28,0.00640891891505037,77357.66418101921
14,1,11,29,0.006462006796417492,77301.93651977577
14,1,11,30,0.006444909521156833,77322.63218209363
14,1,11,31,0.006488777530778732,77324.56890513838
14,1,11,32,0.006374499516650325,77401.30432202188
14,1,11,33,0.00644887428331588,77221.78878614603
14,1,11,34,0.006365224940791016,77177.66151489194
14,1,11,35,0.006363511739653491,77415.6049432468
14,1,11,36,0.006437081799265884,77228.39496449984
14,1,11,37,0.0063363904843018164,77295.59781655447
14,1,11,38,0.006374368322126213,77113.06947061204
14,1,11,39,0.00638068128111107,77211.80766534277
14,1,11,40,0.006284063737395974,77100.8610344832
14,1,11,41,0.006378271439600559,77182.00270415795
14,1,11,42,0.006418578858886447,77071.78566967751
14,1,11,43,0.006347622334336241,77098.33443995874
14,1,11,44,0.006296139520903428,76999.65426605186
14,1,11,45,0.006308938177036387,76933.81129422536
14,1,11,46,0.00635424970338742,76908.66731900179
14,1,11,47,0.006385121671926407,77060.452494344
14,1,11,48,0.006388681475073099,76904.32528339265
14,1,11,49,0.0063331264869443005,77035.84733523284
14,1,11,50,0.00633880911794092,77092.81209022633
14,1,11,51,0.0063427303629439505,77103.26619787519
14,1,11,52,0.006303554068186453,77245.7028514677
14,1,11,53,0.006334631393353145,77031.15650796925
14,1,11,54,0.0062653471139215286,77188.39448242044
14,1,11,55,0.006242662945407487,77139.41863640845
14,1,11,56,0.0061845855476955576,77187.7514976682
14,1,11,57,0.006303616211793962,77197.07333937862
14,1,11,58,0.006320636054234845,77280.20020845048
14,1,11,59,0.006301428546153363,77144.64570418501
14,1,11,60,0.006274536085714187,77246.5914094139
14,1,11,61,0.0062851607577786555,77193.20672045818
14,1,11,62,0.006288976707894888,77174.0989069964
14,1,11,63,0.006138772304568972,77268.37187639522
14,1,22,0,,79266.27388535033
14,1,22,1,0.007162708600628234,79219.31334782112
14,1,22,2,0.007142512105582725,79283.84269431185
14,1,22,3,0.00710550919618635,79147.2128286328
14,1,22,4,0.007071644777343387,79091.71311043539
14,1,22,5,0.007056600824441938,79092.43374137336
14,1,22,6,0.007003785066661381,79267.08226613306
14,1,22,7,0.006987238491308831,79073.69260899509
14,1,22,8,0.006943403233197473,78878.72313976403
14,1,22,9,0.006911033165774175,78816.87195455993
14,1,22,10,0.006898386692184778,78759.43314026765
14,1,22,11,0.006885767393257646,78768.79614933433
14,1,22,12,0.006808354929533033,78530.84372482516
14,1,22,13,0.00679938229066985,78370.47385993421
14,1,22,14,0.006805370029594217,78390.25776956079
14,1,22,15,0.0067573607500110355,78107.5265149681
14,1,22,16,0.006766512236070065,77986.43182535996
14,1,22,17,0.006680011128385861,77899.25515936337
14,1,22,18,0.006678391381033829,77885.52860585232
14,1,22,19,0.006708773363026835,77507.44700275076
14,1,22,20,0.006582320002572877,77628.77613727808
14,1,22,21,0.00666511586556832,77414.96701779269
14,1,22,22,0.006584691925949994,77503.73809376857
14,1,22,23,0.006547153439550172,77337.38550723778
14,1,22,24,0.006582609533021848,77140.17904103476
14,1,22,25,0.006572407648144733,77062.09754097645
14,1,22,26,0.006586051146898951,77222.72869133785
14,1,22,27,0.006603314009095941,77307.98123736471
14,1,22,28,0.006524517433717847,77191.12888496899
14,1,22,29,0.006503932599333071,77045.53561423285
14,1,22,30,0.006500878216077884,77141.38980281145
14,1,22,31,0.006447140859173877,76991.26593373918
14,1,22,32,0.006416878197342157,76821.48200171108
14,1,22,33,0.006406444601625914,77001.9903465228
14,1,22,34,0.006424671460297846,77000.28487393702
14,1,22,35,0.006424765158001156,76643.91140198775
14,1,22,36,0.006516947555133984,76707.60573404477
14,1,22,37,0.006391531266715555,76722.32881815465
14,1,22,38,0.006347794085741043,76777.22478957355
14,1,22,39,0.006369096049595447,76978.32539170283
14,1,22,40,0.006311225993115278,76803.68448374126
14,1,22,41,0.006385059583754767,76958.29537938615
14,1,22,42,0.006365756581847866,76795.79990029859
14,1,22,43,0.006388838358578228,77033.91709017956
14,1,22,44,0.006352017323176066,76605.89661988709
14,1,22,45,0.006218250541548643,76762.45719859928
14,1,22,46,0.00636127930400627,76751.57667971245
14,1,22,47,0.006266736381110691,76554.01409520724
14,1,22,48,0.006241421159800319,76931.84211893973
14,1,22,49,0.006279105364921547,76665.45672293338
14,1,22,50,0.006228238998335742,76829.68475738983
14,1,22,51,0.006103636120401677,76704.4232747638
14,1,22,52,0.006292705956314292,76454.58530583332
14,1,22,53,0.006250398787891581,76659.34406423102
14,1,22,54,0.0062543365749574845,76945.29233154777
14,1,22,55,0.00625993760435709,76867.5513067244
14,1,22,56,0.006141949445009232,76319.38651155593
14,1,22,57,0.0063323393419739745,76779.4520595155
14,1,22,58,0.006196456728503108,76577.85175996658
14,1,22,59,0.006142748475429558,76659.14888607552
14,1,22,60,0.006182977053824635,76675.56656002041
14,1,22,61,0.006152384748150196,76828.76290188688
14,1,22,62,0.006173789046616072,76510.56879742828
14,1,22,63,0.006228113912844232,76405.21764415111
14,1,22,64,0.0061240779302482095,76591.87307949804
14,1,22,65,0.0061553217293251125,77159.73337108738
14,1,22,66,0.006284757960765134,76411.85628790752
14,1,22,67,0.006115767694566222,76998.98915000813
14,1,22,68,0.006090633626583786,76262.2274111679
14,1,22,69,0.006101955393595355,76434.67184648318
14,1,22,70,0.006037496640125201,76440.4982608698
14,1,22,71,0.006041296669060276,76507.14470831561
14,1,22,72,0.006066000931674526,76534.26691933005
14,1,22,73,0.0060420414942893245,76644.05182476493
14,1,22,74,0.00606359784225268,76463.70887136912
14,1,22,75,0.006041169366134065,76624.77138968666
14,1,22,76,0.006045081841182851,76702.71844132042
14,1,22,77,0.006055095887166404,76413.41366754311
14,1,22,78,0.006041387495185647,76489.82532621
14,1,22,79,0.00604878167533094,77016.22997336151
14,1,22,80,0.006115418714692905,76453.57701265329
14,1,22,81,0.006152235126743714,76377.61366573357
14,1,22,82,0.005972454169144233,76583.21544291508
14,1,22,83,0.005903773464351183,76896.3382663309
14,1,33,0,,79266.27388535033
14,1,33,1,0.007178743957497534,79152.83873482129
14,1,33,2,0.007133007493047487,79271.313721193
14,1,33,3,0.0071029749122403915,79212.94960824019
14,1,33,4,0.007078597266670494,79105.42012645249
14,1,33,5,0.007044607086018438,79251.17385356445
14,1,33,6,0.007013683473425252,79120.4205570703
14,1,33,7,0.0069799351927247785,79043.08550033398
14,1,33,8,0.006939438060813007,79032.41396843313
14,1,33,9,0.006910580565177259,78735.57055226924
14,1,33,10,0.006881210409725706,78718.79796203302
14,1,33,11,0.006856154062829557,78547.80581098438
14,1,33,12,0.006832990218840894,78252.83243496493
14,1,33,13,0.00685085194362771,78232.32182977733
14,1,33,14,0.006778158757480837,77999.76649635263
14,1,33,15,0.0067381856164761954,77972.19686780073
14,1,33,16,0.00674718149405505,77838.75825177993
14,1,33,17,0.006727304265257858,77836.78815349772
14,1,33,18,0.006672584950657827,77693.63032625458
14,1,33,19,0.006693032148870684,77713.12384778845
14,1,33,20,0.006632592529058456,77476.56550579063
14,1,33,21,0.006592949497557822,77467.95521915362
14,1,33,22,0.0066866194164114335,77313.79299899214
14,1,33,23,0.006598896169591518,77393.59715726269
14,1,33,24,0.006568032860135038,77271.27174844603
14,1,33,25,0.0066426424531354795,77412.02375160322
14,1,33,26,0.006624871521212515,77431.17004986736
14,1,33,27,0.006584500605683951,77486.67708944037
14,1,33,28,0.006531920250771301,77282.39417697086
14,1,33,29,0.006602102203205938,77303.16299578936
14,1,33,30,0.006523018858085076,77240.21688185248
14,1,33,31,0.006519128058460497,77207.26348085172
14,1,33,32,0.006571951100514049,77310.4257613787
14,1,33,33,0.006618708793428682,77095.71233407392
14,1,33,34,0.006432647850098354,77032.85091432996
14,1,33,35,0.00645361075709973,77258.69419054575
14,1,33,36,0.00653543149209803,77233.54931495794
14,1,33,37,0.006504201252634327,77023.98961189688
14,1,33,38,0.006544480521586679,77219.2802258139
14,1,33,39,0.006528959354563128,77232.58047223976
14,1,33,40,0.006457024985658271,77109.66741656813
14,1,33,41,0.006450245556022439,77159.23849593224
14,1,33,42,0.006455548939162067,77102.83889450009
14,1,33,43,0.00646198950042682,77101.66392600157
14,1,33,44,0.006428030907132086,77170.44048484764
14,1,33,45,0.006384384363800997,77048.35633627632
14,1,33,46,0.00640008155079115,77067.55169242268
14,1,33,47,0.006436243032415708,76971.98012238301
14,1,33,48,0.00642250349656457,77205.85255798404
14,1,33,49,0.006447248382582551,76823.82023280513
14,1,33,50,0.006341843910160519,77064.35323315545
14,1,33,51,0.006445445397513963,76963.97438238976
14,1,33,52,0.0064326007628724684,76868.67302843169
14,1,33,53,0.006408683046521176,76890.48260859674
14,1,33,54,0.006398334234420743,76927.01442449311
14,1,33,55,0.0064293999624039444,76992.60592660775
14,1,33,56,0.006394489169386881,77114.26069607942
14,1,33,57,0.006381750295293473,77013.14895687872
14,1,33,58,0.006211043945291922,76880.98457527258
14,1,33,59,0.006275406196003868,76821.48103287166
14,1,33,60,0.006278083182960039,76831.81093607226
14,1,33,61,0.006287573116077553,76774.0605473073
14,1,33,62,0.006344995572276059,76734.99120231737
14,1,33,63,0.006332898179867438,77040.49988460072
14,1,33,64,0.006256696468751345,76490.03543021657
14,1,33,65,0.0062904310678797105,76812.58721052209
14,1,33,66,0.006214232050946781,76554.94316118804
14,1,33,67,0.0063562164016600165,76636.76875360525
14,1,33,68,0.0063582345665920345,76947.04758469174
14,1,33,69,0.00625683206488334,76544.59595366601
14,1,33,70,0.006290378359456857,76712.02270998989
14,1,33,71,0.006226828820737345,76740.3163915064
14,1,33,72,0.006152694357470388,76899.93193430048
14,1,33,73,0.006254822969259251,76568.53450292622
14,1,33,74,0.006197659830961909,76854.99248559545
14,1,33,75,0.006128873321272078,76755.80719565043
14,1,33,76,0.006170151866085473,76357.19687437869
14,1,33,77,0.00620816144648762,76553.69413948264
14,1,33,78,0.006141568168199488,76670.78037659406
14,1,33,79,0.006126575803916369,76401.48045620514
14,1,33,80,0.006113425074588685,77521.56515606279
14,1,33,81,0.0061524117232433385,76322.5375295721
14,1,33,82,0.006231650133572873,76582.23229738133
14,1,33,83,0.006112041683601481,76912.42003063847
14,1,33,84,0.006193553529945868,76208.620944538
14,1,33,85,0.006191933128450598,76313.27224134585
14,1,33,86,0.006167884616713438,76816.51344828008
14,1,33,87,0.006086421276753147,76303.53288562817
14,1,33,88,0.006126379261591605,76682.57811853576
14,1,33,89,0.006097833470751842,76244.40227718872
14,1,33,90,0.006087882111647299,76173.85782733669
14,1,33,91,0.00608572238568394,76311.2906961992
14,1,33,92,0.006136547574507338,76697.45019724296
14,1,33,93,0.006196426992703762,76397.25070780539
14,1,33,94,0.006113535924149411,76345.48950009531
14,1,33,95,0.0059870377936888305,75911.27106428238
14,1,33,96,0.006039680469603766,76634.31831633217
14,1,33,97,0.006068288592532987,76288.72583021842
14,1,33,98,0.0060244834139233545,76377.61813218433
14,1,33,99,0.006029896759649827,76949.12432599765
14,1,33,100,0.006078369605044524,76413.73645852333
14,2,11,0,,529609.9852941176
14,2,11,1,0.010067054715380523,529632.1747424024
14,2,11,2,0.010039216072036828,529582.8064920715
14,2,11,3,0.010027476574043745,529597.1166845984
14,2,11,4,0.009979761032605559,529455.16466597
14,2,11,5,0.00991591274068748,529502.2137147886
14,2,11,6,0.009881078375703392,529403.8086277328
14,2,11,7,0.009809898913010002,529518.363815038
14,2,11,8,0.009726678117867043,529477.3793155607
14,2,11,9,0.009671560046571982,529557.4588333649
14,2,11,10,0.009602604560841626,529834.5362548078
14,2,11,11,0.00965601076519137,529668.1400719816
14,2,11,12,0.009538185826544308,529545.5764483106
14,2,11,13,0.009561720179490502,529510.5868952059
14,2,11,14,0.0095111129926776,529688.4710617135
14,2,11,15,0.009512692992378866,529562.228518731
14,2,11,16,0.009377231982068144,529532.7545541676
14,2,11,17,0.009403049797538681,529565.7598360915
14,2,11,18,0.009419942160099925,529405.0237286647
14,2,11,19,0.009450851961525451,529489.8005479067
14,2,11,20,0.009365216441299716,529368.2768267761
14,2,11,21,0.009399168729215897,529410.1629748021
14,2,11,22,0.009412929669597756,529380.2013725275
14,2,11,23,0.009390820077293529,529392.4968726358
14,2,11,24,0.009388353908715367,529355.4428085624
14,2,11,25,0.009347626950088506,529246.5007728006
14,2,11,26,0.009334294145659457,529397.0923364749
14,2,11,27,0.009333478376736686,529328.1665296505
14,2,11,28,0.009302656313424662,529257.8749564859
14,2,11,29,0.009291804358542901,529198.7635601562
14,2,11,30,0.009274030090236656,529292.5859342337
14,2,11,31,0.009305423341884724,529240.2908496936
14,2,11,32,0.009201061320957358,529275.6642906506
14,2,11,33,0.009233379982573635,529414.4942608917
14,2,11,34,0.00923801024991511,529301.9590054911
14,2,11,35,0.009213772602941036,529250.0231819843
14,2,11,36,0.009211067935458606,529368.5641189053
14,2,11,37,0.009180751373312819,529286.8086443777
14,2,11,38,0.009184940896739574,529352.3265555154
14,2,11,39,0.009237568508114653,529209.8989195419
14,2,11,40,0.009237832914974958,529275.6490018112
14,2,11,41,0.009222510422437269,529268.259090261
14,2,11,42,0.009196275094719503,529203.8109972562
14,2,11,43,0.009258740274314246,529384.6025087443
14,2,11,44,0.009175192087268585,529407.2168938769
14,2,22,0,,529609.9852941176
14,2,22,1,0.010070853054397644,529589.7632285063
14,2,22,2,0.010039975727370191,529648.681325054
14,2,22,3,0.010015326980681163,529530.598400311
14,2,22,4,0.009968775203193126,529616.8521366601
14,2,22,5,0.009982545078205184,529837.8759174134
14,2,22,6,0.009933743882021081,529768.0529733008
14,2,22,7,0.009922017208530833,529742.749272795
14,2,22,8,0.009842157410513901,529799.1822353769
14,2,22,9,0.009861869030869122,529937.7864416232
14,2,22,10,0.009795928884531282,529897.3727477061
14,2,22,11,0.00975325345471771,530176.1431666069
14,2,22,12,0.009675565939643775,530212.0352793676
14,2,22,13,0.009665017100489183,530274.8946238294
14,2,22,14,0.009657255850790745,530244.5295130402
14,2,22,15,0.009644206366147868,530443.936830484
14,2,22,16,0.00955195409729987,530277.3944346207
14,2,22,17,0.009583935364002342,530748.6008281166
14,2,22,18,0.009544082483067767,530073.5933138891
14,2,33,0,,529609.9852941176
14,2,33,1,0.010066506073139473,529603.1846762525
14,2,33,2,0.010047178545829686,529588.3980231648
14,2,33,3,0.010019942651310681,529583.313328745
14,2,33,4,0.009996305702903519,529381.1398095527
14,2,33,5,0.009950264304229232,529547.2318351497
14,2,33,6,0.009933476540202721,529364.1556334988
14,2,33,7,0.009872687501951926,529711.8181462223
14,2,33,8,0.009816547226052916,529552.1383842094
14,2,33,9,0.009771642085295103,529747.4836486552
14,2,33,10,0.009776038644594939,529728.3963375879
14,2,33,11,0.009728465962310213,529968.3291979043
14,2,33,12,0.00964288561424045,529902.5887530729
14,2,33,13,0.009644411033551929,529908.8869882872
14,2,33,14,0.009634398860324385,529773.4762185776
14,2,33,15,0.009623119339068275,530023.7141466639
14,2,33,16,0.009555025636224105,529716.9213113098
14,2,33,17,0.009512631493352075,529540.6886536161
14,2,33,18,0.00946205765945866,529665.7369914876
14,2,33,19,0.009444603726798072,529661.0659412172
14,2,33,20,0.009514346418832625,529714.477604922
14,2,33,21,0.009421694125593679,529423.5971225121
30,1,11,0,,79266.27388535033
30,1,11,1,0.00715665202144356,79231.91170634446
30,1,11,2,0.007128641386294649,79216.83359078015
30,1,11,3,0.007075917818361805,79133.23456623014
30,1,11,4,0.00700198681581588,79091.59383476512
30,1,11,5,0.006921831429714248,79135.97754648517
30,1,11,6,0.006873768100160218,78622.8196705458
30,1,11,7,0.0068105032467948535,78513.14941157874
30,1,11,8,0.006681500257746805,78291.77219976764
30,1,11,9,0.006672579650988891,78132.72783373151
30,1,11,10,0.006677908113314992,77819.4283167483
30,1,11,11,0.006609064216415088,77872.3242020272
30,1,11,12,0.00661009368264959,77957.22124540756
30,1,11,13,0.006523207140465577,77941.41619916927
30,1,11,14,0.006613704775060926,77639.36806298907
30,1,11,15,0.006538252457089368,77707.4954266264
30,1,11,16,0.006512516000795932,77640.70464829095
30,1,11,17,0.006498123430425213,77527.71394256862
30,1,11,18,0.0064494977705180645,77589.37196675577
30,1,11,19,0.006523028936325794,77582.1014718046
30,1,11,20,0.006485639184358574,77512.28522851935
30,1,11,21,0.006453064547496892,77495.89309765391
30,1,11,22,0.006425499428241025,77657.82716968915
30,1,11,23,0.006462392264178821,77626.68133078278
30,1,11,24,0.006440278630526293,77648.55843645113
30,1,11,25,0.006409912469929883,77416.90797957704
30,1,11,26,0.0063905070613448816,77440.02300492181
30,1,11,27,0.0064312903476612905,77358.75147338834
30,1,11,28,0.006383321447564023,77376.9199002456
30,1,11,29,0.006353160743379877,77389.33503391729
30,1,11,30,0.006378798601439311,77303.5152395415
30,1,11,31,0.006347463754493566,77338.40179983737
30,1,11,32,0.006378782602647941,77423.79506574289
30,1,11,33,0.006373133987099642,77328.71133456213
30,1,11,34,0.006380442463393722,77154.76183326873
30,1,11,35,0.006247469623173986,77302.13402655121
30,1,11,36,0.006233894266188145,77260.3565208582
30,1,11,37,0.006317187788053637,77281.27856960705
30,1,11,38,0.006242005276449379,77274.57556050422
30,1,11,39,0.006312133633487281,77391.7437281017
30,1,11,40,0.006208331324160099,77401.04112273028
30,1,11,41,0.006226902605877036,77139.52161982929
30,1,11,42,0.0062106757513469175,77294.29233037386
30,1,11,43,0.006256307685925137,77081.9680377313
30,1,11,44,0.006280923993991954,77278.13295644688
30,1,11,45,0.006231731502339244,77635.92797588576
30,1,11,46,0.0062429833758090225,77335.44876247346
30,1,11,47,0.006207265447647799,77516.39909494678
30,1,11,48,0.006177442547466073,77461.65005566902
30,1,11,49,0.006089138476887629,77396.37531446888
30,1,11,50,0.006106645212553087,77401.7159200112
30,1,11,51,0.006130326938416276,77472.63988944056
30,1,11,52,0.006112075177952647,77420.63741063619
30,1,11,53,0.006132018430868075,77520.29690264021
30,1,11,54,0.006119296265145143,77458.69210178334
30,1,11,55,0.006138276619215806,77651.97335404607
30,1,11,56,0.005990623651693265,77524.65997956603
30,1,11,57,0.006151249066793493,77493.1425242768
30,1,11,58,0.006088957146164917,77298.94402692809
30,1,22,0,,79266.27388535033
30,1,22,1,0.007164241568673225,79334.7021009858
30,1,22,2,0.007155303155914659,79232.92304184599
30,1,22,3,0.00712689950263926,79103.2911847533
30,1,22,4,0.007123400479377736,79230.40081512104
30,1,22,5,0.007044171980981316,78911.28781216318
30,1,22,6,0.007024279906458798,78987.55400498553
30,1,22,7,0.0069869998953349536,78912.82288585675
30,1,22,8,0.006931604041407506,78749.31641485714
30,1,22,9,0.0068891537930106835,78943.37627184232
30,1,22,10,0.006920625799379888,78660.87139667028
30,1,22,11,0.00685268057332862,78653.19519122566
30,1,22,12,0.006866525880815018,78635.66790844113
30,1,22,13,0.006819827637324731,78393.9684097797
30,1,22,14,0.006804460970064004,78248.16537051786
30,1,22,15,0.006794634729712492,78114.63968987788
30,1,22,16,0.006792298806387754,78028.17945804262
30,1,22,17,0.0067958589643239975,78057.44843658232
30,1,22,18,0.006729922068881847,77973.40171916413
30,1,22,19,0.006732577369326637,77731.26234998113
30,1,22,20,0.006637165256376777,77940.19615402262
30,1,22,21,0.006620242426704083,77649.48870214587
30,1,22,22,0.006630915505368085,77598.26349092956
30,1,22,23,0.006601575917253892,77692.82460970353
30,1,22,24,0.006635009288965236,77278.80841932769
30,1,22,25,0.006559875760493534,77373.10810803737
30,1,22,26,0.006505559974660476,77243.24165982628
30,1,22,27,0.006519073941966607,77172.01335393888
30,1,22,28,0.006440013680340988,77218.67846412469
30,1,22,29,0.006498718401417136,77108.30402581979
30,1,22,30,0.006504333611311657,77022.3942332229
30,1,22,31,0.006406925674084397,77097.23590029811
30,1,22,32,0.006379583096575169,76861.24650778346
30,1,22,33,0.006389437808788249,76917.94024678014
30,1,22,34,0.006440438563004136,76948.58975149789
30,1,22,35,0.006316133730468296,76868.2416443961
30,1,22,36,0.006381212001932519,76989.19184712606
30,1,22,37,0.0063253952678115595,76799.2851796108
30,1,22,38,0.006314319547354465,76624.6020175906
30,1,22,39,0.006319577317862283,76705.52611464036
30,1,22,40,0.006264792211974661,76817.6836893961
30,1,22,41,0.006316039988416291,76825.64050865543
30,1,22,42,0.006253445565345741,76638.29540288536
30,1,22,43,0.0061749987902918035,76686.26916996317
30,1,22,44,0.006283316461901579,76672.89245185516
30,1,22,45,0.006233507057740575,76399.45120564925
30,1,22,46,0.006240560961443754,76399.40398562947
30,1,22,47,0.006184558361946117,76383.0747249306
30,1,22,48,0.0061373483899625995,76602.21807196707
30,1,22,49,0.0061757785733789206,76613.95540759896
30,1,22,50,0.006144623726695066,76635.71090604956
30,1,22,51,0.006121647311374545,76546.86643372031
30,1,22,52,0.006144855082744644,76378.81151802978
30,1,22,53,0.006181447345408655,76349.45289251246
30,1,22,54,0.006146422653858151,76453.4544206222
30,1,22,55,0.006114572552697999,76447.86078415315
30,1,22,56,0.006105724311921568,76484.342852882
30,1,22,57,0.006148356068435879,76472.72220108435
30,1,22,58,0.006008872828845467,76449.68227015168
30,1,22,59,0.006083250300781358,76568.57280522007
30,1,22,60,0.006048789392003701,76384.4145435225
30,1,22,61,0.0059631930531135625,76727.79831174716
30,1,22,62,0.006129066293526973,76360.9548418764
30,1,22,63,0.006040026965950217,76333.77381141277
30,1,22,64,0.006026510348809617,76484.57910898446
30,1,22,65,0.005930260344896288,76094.99476667886
30,1,22,66,0.005973836174234748,76324.597359404
30,1,22,67,0.005956308306416585,76267.707588072
30,1,22,68,0.005990347148673166,76165.66313724953
30,1,22,69,0.006016639504759084,76350.84213329623
30,1,22,70,0.005905278991641743,76038.82849000201
30,1,22,71,0.005915680855867409,76155.79567296256
30,1,22,72,0.0060255825630433505,76283.62320822189
30,1,22,73,0.005939698279170054,76238.31579888765
30,1,22,74,0.00592885262865041,76165.20413561026
30,1,22,75,0.005907614549089756,76374.30551820975
30,1,22,76,0.005940526579728439,76043.85359587446
30,1,22,77,0.005784362177586272,76187.81565758107
30,1,22,78,0.005762218586390927,76263.02191827839
30,1,22,79,0.005919541132503322,76353.39779237444
30,1,22,80,0.005942891617970807,76230.20683947131
30,1,22,81,0.0058739762309761275,76081.94551476979
30,1,22,82,0.005764241995556014,76122.70829294117
30,1,22,83,0.005868592842792471,76237.62667111048
30,1,22,84,0.005903280927755293,76396.74889479816
30,1,22,85,0.005800136664350118,76163.54310791347
30,1,33,0,,79266.27388535033
30,1,33,1,0.007163265564789374,79328.21986410701
30,1,33,2,0.007159178034358081,79158.68985679168
30,1,33,3,0.007142784761353617,79225.57657772364
30,1,33,4,0.007116365501479734,79074.93647385818
30,1,33,5,0.007070445721702916,79161.72958926256
30,1,33,6,0.007022016238243807,78851.59691704843
30,1,33,7,0.006947591346466825,78720.35286085805
30,1,33,8,0.006871705675231559,78351.52823495015
30,1,33,9,0.006872833651002674,78324.9675831167
30,1,33,10,0.006813352395381246,78086.94964278897
30,1,33,11,0.006718199012712354,77909.08288466364
30,1,33,12,0.006691754196903535,77329.06550070345
30,1,33,13,0.006704306063641395,77747.19903199431
30,1,33,14,0.006702673122552889,77673.178638405
30,1,33,15,0.006661409024326574,77346.3693915525
30,1,33,16,0.0066704383519079,77491.09360777606
30,1,33,17,0.006650548694389207,77510.77445777747
30,1,33,18,0.006675138016275707,77386.02498846874
30,1,33,19,0.006646043166429514,77123.5583403044
30,1,33,20,0.00666501818756972,77202.70399890587
30,1,33,21,0.0066621483614047365,77137.24190245874
30,1,33,22,0.006616051319897885,77566.03946281491
30,1,33,23,0.006589177851786926,76731.86529260091
30,1,33,24,0.006553439212785591,77272.31758005159
30,1,33,25,0.00651138521996992,77252.33739757673
30,1,33,26,0.006567149655893445,77267.81381213578
30,1,33,27,0.006615398662342202,76838.95869659832
30,1,33,28,0.006530054235121324,77152.07405853656
30,1,33,29,0.006542462279044446,77108.09343321601
30,1,33,30,0.006516493590814727,77002.5514868862
30,1,33,31,0.006476221628309716,76996.55020587798
30,1,33,32,0.00642436458950951,76892.45213581952
30,1,33,33,0.006608381024783566,76894.78793641354
30,1,33,34,0.0065734475806710265,77105.73288177967
30,1,33,35,0.006512424853142528,76840.93585288641
30,1,33,36,0.006441755907698756,77032.48028899617
30,1,33,37,0.006519875677657269,77124.33968226414
30,1,33,38,0.0065273224110049865,76891.50949069703
30,2,11,0,,529609.9852941176
30,2,11,1,0.010067908523606521,529621.4711697802
30,2,11,2,0.010043655107622411,529576.5519922487
30,2,11,3,0.010003573307261968,529530.1299053272
30,2,11,4,0.00994461303435275,529589.9798736571
30,2,11,5,0.009855119055934673,529524.8894008405
30,2,11,6,0.009740001878131573,529905.9915354578
30,2,11,7,0.009692176104724335,529771.5861179295
30,2,11,8,0.009579087180659552,530123.6907030885
30,2,11,9,0.009569911392960604,529983.9996561289
30,2,11,10,0.009536955337656888,529977.489329895
30,2,11,11,0.009447121855648924,530142.6210245825
30,2,11,12,0.009440734672424157,530067.8238428166
30,2,11,13,0.009461743807683018,530050.0484302362
30,2,11,14,0.009452276318294723,529887.0558060559
30,2,11,15,0.009419812939373554,530029.6866501266
30,2,11,16,0.009396999533455571,529838.0747208872
30,2,11,17,0.009355694820612345,529920.5201886109
30,2,11,18,0.009391004027544878,529846.8106076274
30,2,11,19,0.009344207910445617,529689.780561641
30,2,11,20,0.009334763464831327,529757.5803498976
30,2,22,0,,529609.9852941176
30,2,22,1,0.01006433885124376,529658.3035408119
30,2,22,2,0.010058452025846779,529754.7149604912
30,2,22,3,0.01003196374631169,529631.8668962707
30,2,22,4,0.009978347597250532,529437.8901867595
30,2,22,5,0.009942638407493924,529477.4447069364
30,2,22,6,0.009903309449432159,529498.3802975676
30,2,22,7,0.009856499348451418,529780.9251746535
30,2,22,8,0.009819506741700687,529954.4228476402
30,2,22,9,0.009759843983070698,529974.7579283669
30,2,22,10,0.00969928636275169,529812.3422652277
30,2,22,11,0.009688407711828502,530491.481815095
30,2,22,12,0.009681290236893767,529855.7293898696
30,2,22,13,0.009621857234082478,529962.4543670753
30,2,22,14,0.009594493830381062,530042.6828004208
30,2,22,15,0.00957524606652459,529945.5737930122
30,2,22,16,0.00959029584556854,529978.7092892033
30,2,22,17,0.009549748189567584,529642.7779296978
30,2,22,18,0.009447308035344965,529711.6785705741
30,2,22,19,0.009422268406167824,529595.0538623696
30,2,33,0,,529609.9852941176
30,2,33,1,0.010078695682478468,529612.0414526812
30,2,33,2,0.010071896590669926,529692.2591856567
30,2,33,3,0.0100505927811288,529677.5014113034
30,2,33,4,0.010033133266149909,529738.2017450761
30,2,33,5,0.009996801242344665,529736.9586704933
30,2,33,6,0.009950069232593292,529815.4378267463
30,2,33,7,0.009915214925622444,529933.4335555211
30,2,33,8,0.009816568670625853,529613.6640345829
30,2,33,9,0.009767287231608775,529752.6640819046
30,2,33,10,0.0097338696228356,530128.8725550891
30,2,33,11,0.009665547604970319,529749.2100631553
30,2,33,12,0.009689930825302123,529840.0331304985
30,2,33,13,0.009618719567885157,529669.0786923721
30,2,33,14,0.009564115269282615,529943.2667931957
30,2,33,15,0.0095486502102447,529915.4437521044
