origin,date,horizon_days,actual,cnn,previous_day
2024-12-24,2024-12-25,1,3006368.0,2994663.5015535606,3000908.0
2024-12-24,2024-12-26,2,2971985.0,2998327.414879093,3000908.0
2024-12-24,2024-12-27,3,3018080.0,3007285.278361062,3000908.0
2024-12-24,2024-12-28,4,2896023.0,2995881.844268874,3000908.0
2024-12-24,2024-12-29,5,2945963.0,2990544.512919696,3000908.0
2024-12-24,2024-12-30,6,2930003.0,2993838.4939616504,3000908.0
2024-12-24,2024-12-31,7,2945915.0,2995967.153445495,3000908.0
2024-12-25,2024-12-26,1,2971985.0,3010029.200789227,3006368.0
2024-12-25,2024-12-27,2,3018080.0,3018983.3742118343,3006368.0
2024-12-25,2024-12-28,3,2896023.0,3007524.9310015766,3006368.0
2024-12-25,2024-12-29,4,2945963.0,3002254.1483219406,3006368.0
2024-12-25,2024-12-30,5,2930003.0,3005562.5478289826,3006368.0
2024-12-25,2024-12-31,6,2945915.0,3007597.318207125,3006368.0
2024-12-25,2025-01-01,7,2990009.0,3001711.441317953,3006368.0
2024-12-26,2024-12-27,1,3018080.0,2980920.050402365,2971985.0
2024-12-26,2024-12-28,2,2896023.0,2969484.7124464996,2971985.0
2024-12-26,2024-12-29,3,2945963.0,2964208.882988462,2971985.0
2024-12-26,2024-12-30,4,2930003.0,2967471.8763691615,2971985.0
2024-12-26,2024-12-31,5,2945915.0,2969577.374914067,2971985.0
2024-12-26,2025-01-01,6,2990009.0,2963875.187592812,2971985.0
2024-12-26,2025-01-02,7,3000903.0,2968523.866573318,2971985.0
2024-12-27,2024-12-28,1,2896023.0,3006636.0122275655,3018080.0
2024-12-27,2024-12-29,2,2945963.0,3001344.7967008976,3018080.0
2024-12-27,2024-12-30,3,2930003.0,3004622.951833935,3018080.0
2024-12-27,2024-12-31,4,2945915.0,3006714.903252917,3018080.0
2024-12-27,2025-01-01,5,2990009.0,3000922.3275127746,3018080.0
2024-12-27,2025-01-02,6,3000903.0,3005563.3224767055,3018080.0
2024-12-27,2025-01-03,7,3033813.0,3015021.192609319,3018080.0
2024-12-28,2024-12-29,1,2945963.0,2890827.2742279507,2896023.0
2024-12-28,2024-12-30,2,2930003.0,2894109.6749131572,2896023.0
2024-12-28,2024-12-31,3,2945915.0,2896323.442252569,2896023.0
2024-12-28,2025-01-01,4,2990009.0,2890636.636941961,2896023.0
2024-12-28,2025-01-02,5,3000903.0,2894928.2467692047,2896023.0
2024-12-28,2025-01-03,6,3033813.0,2904352.2156086476,2896023.0
2024-12-28,2025-01-04,7,2939359.0,2894251.2128572334,2896023.0
2024-12-29,2024-12-30,1,2930003.0,2949219.607016965,2945963.0
2024-12-29,2024-12-31,2,2945915.0,2951395.5530514643,2945963.0
2024-12-29,2025-01-01,3,2990009.0,2945656.0376956956,2945963.0
2024-12-29,2025-01-02,4,3000903.0,2950044.2252679346,2945963.0
2024-12-29,2025-01-03,5,3033813.0,2959516.6951222173,2945963.0
2024-12-29,2025-01-04,6,2939359.0,2949088.0832735766,2945963.0
2024-12-29,2025-01-05,7,3000863.0,2943852.772326598,2945963.0
2024-12-30,2024-12-31,1,2945915.0,2932194.579414659,2930003.0
2024-12-30,2025-01-01,2,2990009.0,2926459.1594656827,2930003.0
2024-12-30,2025-01-02,3,3000903.0,2930848.188843986,2930003.0
2024-12-30,2025-01-03,4,3033813.0,2940319.7452011686,2930003.0
2024-12-30,2025-01-04,5,2939359.0,2929922.8325134986,2930003.0
2024-12-30,2025-01-05,6,3000863.0,2924701.5572285284,2930003.0
2024-12-30,2025-01-06,7,3010303.0,2927927.227534471,2930003.0
2024-12-31,2025-01-01,1,2990009.0,2940169.901761165,2945915.0
2024-12-31,2025-01-02,2,3000903.0,2944579.624148309,2945915.0
2024-12-31,2025-01-03,3,3033813.0,2954027.3222697782,2945915.0
2024-12-31,2025-01-04,4,2939359.0,2943608.8265222916,2945915.0
2024-12-31,2025-01-05,5,3000863.0,2938450.0085580545,2945915.0
2024-12-31,2025-01-06,6,3010303.0,2941668.357135142,2945915.0
2024-12-31,2025-01-07,7,2969839.0,2944228.9790078476,2945915.0
2025-01-01,2025-01-02,1,3000903.0,2994411.639853853,2990009.0
2025-01-01,2025-01-03,2,3033813.0,3003845.5227970653,2990009.0
2025-01-01,2025-01-04,3,2939359.0,2993223.208983368,2990009.0
2025-01-01,2025-01-05,4,3000863.0,2988286.7387382668,2990009.0
2025-01-01,2025-01-06,5,3010303.0,2991602.9162718267,2990009.0
2025-01-01,2025-01-07,6,2969839.0,2993829.3145347396,2990009.0
2025-01-01,2025-01-08,7,2993631.0,2988416.5290465113,2990009.0
2025-01-02,2025-01-03,1,3033813.0,3010340.105883623,3000903.0
2025-01-02,2025-01-04,2,2939359.0,2999709.924993221,3000903.0
2025-01-02,2025-01-05,3,3000863.0,2994781.0508417264,3000903.0
2025-01-02,2025-01-06,4,3010303.0,2998103.5137403286,3000903.0
2025-01-02,2025-01-07,5,2969839.0,3000312.563223419,3000903.0
2025-01-02,2025-01-08,6,2993631.0,2994873.759750657,3000903.0
2025-01-02,2025-01-09,7,2960265.0,3000200.6111328565,3000903.0
2025-01-03,2025-01-04,1,2939359.0,3023172.941978564,3033813.0
2025-01-03,2025-01-05,2,3000863.0,3018254.1447010525,3033813.0
2025-01-03,2025-01-06,3,3010303.0,3021588.0321749374,3033813.0
2025-01-03,2025-01-07,4,2969839.0,3023774.26384411,3033813.0
2025-01-03,2025-01-08,5,2993631.0,3018293.2780871894,3033813.0
2025-01-03,2025-01-09,6,2960265.0,3023645.117177085,3033813.0
2025-01-03,2025-01-10,7,3030902.0,3033793.0753026386,3033813.0
2025-01-04,2025-01-05,1,3000863.0,2934504.9275540393,2939359.0
2025-01-04,2025-01-06,2,3010303.0,2937826.647165391,2939359.0
2025-01-04,2025-01-07,3,2969839.0,2940093.59910855,2939359.0
2025-01-04,2025-01-08,4,2993631.0,2934700.3090732414,2939359.0
2025-01-04,2025-01-09,5,2960265.0,2939776.9736191025,2939359.0
2025-01-04,2025-01-10,6,3030902.0,2949922.5925428024,2939359.0
2025-01-04,2025-01-11,7,2969919.0,2940542.540098992,2939359.0
2025-01-05,2025-01-06,1,3010303.0,3004153.6751383324,3000863.0
2025-01-05,2025-01-07,2,2969839.0,3006375.4991524396,3000863.0
2025-01-05,2025-01-08,3,2993631.0,3000922.861113279,3000863.0
2025-01-05,2025-01-09,4,2960265.0,3006120.1099816775,3000863.0
2025-01-05,2025-01-10,5,3030902.0,3016307.966197752,3000863.0
2025-01-05,2025-01-11,6,2969919.0,3006464.9637038256,3000863.0
2025-01-05,2025-01-12,7,2958189.0,3001503.9512274037,3000863.0
2025-01-06,2025-01-07,1,2969839.0,3012519.9512780947,3010303.0
2025-01-06,2025-01-08,2,2993631.0,3007065.95110925,3010303.0
2025-01-06,2025-01-09,3,2960265.0,3012263.0069980044,3010303.0
2025-01-06,2025-01-10,4,3030902.0,3022450.362729488,3010303.0
2025-01-06,2025-01-11,5,2969919.0,3012589.036187117,3010303.0
2025-01-06,2025-01-12,6,2958189.0,3007627.1566549577,3010303.0
2025-01-06,2025-01-13,7,2923818.0,3010832.2940169508,3010303.0
2025-01-07,2025-01-08,1,2993631.0,2964414.363397369,2969839.0
2025-01-07,2025-01-09,2,2960265.0,2969549.5395516613,2969839.0
2025-01-07,2025-01-10,3,3030902.0,2979816.7338475664,2969839.0
2025-01-07,2025-01-11,4,2969919.0,2970084.2428601775,2969839.0
2025-01-07,2025-01-12,5,2958189.0,2964905.33517393,2969839.0
2025-01-07,2025-01-13,6,2923818.0,2968197.8041662667,2969839.0
2025-01-07,2025-01-14,7,2960991.0,2970679.0604550336,2969839.0
2025-01-08,2025-01-09,1,2960265.0,2998760.407505774,2993631.0
2025-01-08,2025-01-10,2,3030902.0,3009019.3163018213,2993631.0
2025-01-08,2025-01-11,3,2969919.0,2999157.864412859,2993631.0
2025-01-08,2025-01-12,4,2958189.0,2994115.0290182456,2993631.0
2025-01-08,2025-01-13,5,2923818.0,2997432.6838831226,2993631.0
2025-01-08,2025-01-14,6,2960991.0,2999719.253695027,2993631.0
2025-01-08,2025-01-15,7,2908661.0,2994767.37258251,2993631.0
2025-01-09,2025-01-10,1,3030902.0,2970504.297916051,2960265.0
2025-01-09,2025-01-11,2,2969919.0,2960725.9733614256,2960265.0
2025-01-09,2025-01-12,3,2958189.0,2955655.2091230927,2960265.0
2025-01-09,2025-01-13,4,2923818.0,2958949.242017054,2960265.0
2025-01-09,2025-01-14,5,2960991.0,2961268.9504467365,2960265.0
2025-01-09,2025-01-15,6,2908661.0,2956531.8831821587,2960265.0
2025-01-09,2025-01-16,7,2978031.0,2962384.6401653634,2960265.0
2025-01-10,2025-01-11,1,2969919.0,3021084.6160047087,3030902.0
2025-01-10,2025-01-12,2,2958189.0,3015998.2659547967,3030902.0
2025-01-10,2025-01-13,3,2923818.0,3019319.49680462,3030902.0
2025-01-10,2025-01-14,4,2960991.0,3021656.5251573566,3030902.0
2025-01-10,2025-01-15,5,2908661.0,3016729.0807685982,3030902.0
2025-01-10,2025-01-16,6,2978031.0,3022569.5844461797,3030902.0
2025-01-10,2025-01-17,7,2998111.0,3033695.917804989,3030902.0
2025-01-11,2025-01-12,1,2958189.0,2964840.818219321,2969919.0
2025-01-11,2025-01-13,2,2923818.0,2968166.2752331714,2969919.0
2025-01-11,2025-01-14,3,2960991.0,2970502.3483817587,2969919.0
2025-01-11,2025-01-15,4,2908661.0,2965659.53728998,2969919.0
2025-01-11,2025-01-16,5,2978031.0,2971353.643814083,2969919.0
2025-01-11,2025-01-17,6,2998111.0,2982469.754662402,2969919.0
2025-01-11,2025-01-18,7,2956681.0,2973931.9808123144,2969919.0
2025-01-12,2025-01-13,1,2923818.0,2961517.344494319,2958189.0
2025-01-12,2025-01-14,2,2960991.0,2963857.2224530145,2958189.0
2025-01-12,2025-01-15,3,2908661.0,2959020.243133937,2958189.0
2025-01-12,2025-01-16,4,2978031.0,2964702.0052732397,2958189.0
2025-01-12,2025-01-17,5,2998111.0,2975813.7010358702,2958189.0
2025-01-12,2025-01-18,6,2956681.0,2967323.4948644936,2958189.0
2025-01-12,2025-01-19,7,2939996.0,2962662.742933172,2958189.0
2025-01-13,2025-01-14,1,2960991.0,2926183.875202426,2923818.0
2025-01-13,2025-01-15,2,2908661.0,2921355.5384857254,2923818.0
2025-01-13,2025-01-16,3,2978031.0,2927036.337530356,2923818.0
2025-01-13,2025-01-17,4,2998111.0,2938131.538944064,2923818.0
2025-01-13,2025-01-18,5,2956681.0,2929817.073202463,2923818.0
2025-01-13,2025-01-19,6,2939996.0,2925249.174238474,2923818.0
2025-01-13,2025-01-20,7,2966205.0,2928859.014487388,2923818.0
2025-01-14,2025-01-15,1,2908661.0,2956140.8980651274,2960991.0
2025-01-14,2025-01-16,2,2978031.0,2961872.434524211,2960991.0
2025-01-14,2025-01-17,3,2998111.0,2972916.457555962,2960991.0
2025-01-14,2025-01-18,4,2956681.0,2964449.1212759535,2960991.0
2025-01-14,2025-01-19,5,2939996.0,2959982.12857234,2960991.0
2025-01-14,2025-01-20,6,2966205.0,2963539.8419984523,2960991.0
2025-01-14,2025-01-21,7,2956902.0,2966440.1006050548,2960991.0
2025-01-15,2025-01-16,1,2978031.0,2914399.873292654,2908661.0
2025-01-15,2025-01-17,2,2998111.0,2925466.3495961674,2908661.0
2025-01-15,2025-01-18,3,2956681.0,2917242.5725642084,2908661.0
2025-01-15,2025-01-19,4,2939996.0,2912648.956808214,2908661.0
2025-01-15,2025-01-20,5,2966205.0,2916134.1682780315,2908661.0
2025-01-15,2025-01-21,6,2956902.0,2919244.1247430136,2908661.0
2025-01-15,2025-01-22,7,2915991.0,2915494.0101608937,2908661.0
2025-01-16,2025-01-17,1,2998111.0,2989118.354176033,2978031.0
2025-01-16,2025-01-18,2,2956681.0,2980733.1631984343,2978031.0
2025-01-16,2025-01-19,3,2939996.0,2976129.428635964,2978031.0
2025-01-16,2025-01-20,4,2966205.0,2979662.2591856127,2978031.0
2025-01-16,2025-01-21,5,2956902.0,2982775.4449034235,2978031.0
2025-01-16,2025-01-22,6,2915991.0,2978646.0001995927,2978031.0
2025-01-16,2025-01-23,7,3030011.0,2985146.814840505,2978031.0
2025-01-17,2025-01-18,1,2956681.0,2989723.9675998166,2998111.0
2025-01-17,2025-01-19,2,2939996.0,2985122.232270388,2998111.0
2025-01-17,2025-01-20,3,2966205.0,2988656.59966844,2998111.0
2025-01-17,2025-01-21,4,2956902.0,2991766.537872498,2998111.0
2025-01-17,2025-01-22,5,2915991.0,2987614.152938924,2998111.0
2025-01-17,2025-01-23,6,3030011.0,2994120.8999003423,2998111.0
2025-01-17,2025-01-24,7,3093859.0,3005865.4678967735,2998111.0
2025-01-18,2025-01-19,1,2939996.0,2952085.198343739,2956681.0
2025-01-18,2025-01-20,2,2966205.0,2955622.89779686,2956681.0
2025-01-18,2025-01-21,3,2956902.0,2958732.7347767823,2956681.0
2025-01-18,2025-01-22,4,2915991.0,2954633.6933846297,2956681.0
2025-01-18,2025-01-23,5,3030011.0,2961037.839652256,2956681.0
2025-01-18,2025-01-24,6,3093859.0,2972777.468632283,2956681.0
2025-01-18,2025-01-25,7,2954100.0,2965699.579927923,2956681.0
2025-01-19,2025-01-20,1,2966205.0,2943538.9473271333,2939996.0
2025-01-19,2025-01-21,2,2956902.0,2946655.7036192464,2939996.0
2025-01-19,2025-01-22,3,2915991.0,2942567.25897381,2939996.0
2025-01-19,2025-01-23,4,3030011.0,2948946.8990810765,2939996.0
2025-01-19,2025-01-24,5,3093859.0,2960679.905432571,2939996.0
2025-01-19,2025-01-25,6,2954100.0,2953685.0696661896,2939996.0
2025-01-19,2025-01-26,7,2939930.0,2949258.931384464,2939996.0
2025-01-20,2025-01-21,1,2956902.0,2969306.129900702,2966205.0
2025-01-20,2025-01-22,2,2915991.0,2965212.4887823737,2966205.0
2025-01-20,2025-01-23,3,3030011.0,2971597.0575356428,2966205.0
2025-01-20,2025-01-24,4,3093859.0,2983336.088639483,2966205.0
2025-01-20,2025-01-25,5,2954100.0,2976233.9431152847,2966205.0
2025-01-20,2025-01-26,6,2939930.0,2971774.663285015,2966205.0
2025-01-20,2025-01-27,7,2948995.0,2975496.459006144,2966205.0
2025-01-21,2025-01-22,1,2915991.0,2952816.1159419436,2956902.0
2025-01-21,2025-01-23,2,3030011.0,2959181.0052803895,2956902.0
2025-01-21,2025-01-24,3,3093859.0,2970939.3992763655,2956902.0
2025-01-21,2025-01-25,4,2954100.0,2963885.6862321803,2956902.0
2025-01-21,2025-01-26,5,2939930.0,2959375.367794929,2956902.0
2025-01-21,2025-01-27,6,2948995.0,2963125.4835042665,2956902.0
2025-01-21,2025-01-28,7,2990121.0,2966416.3439571634,2956902.0
2025-01-22,2025-01-23,1,3030011.0,2922357.2613876443,2915991.0
2025-01-22,2025-01-24,2,3093859.0,2934140.5344275446,2915991.0
2025-01-22,2025-01-25,3,2954100.0,2927278.0750319036,2915991.0
2025-01-22,2025-01-26,4,2939930.0,2922663.429905352,2915991.0
2025-01-22,2025-01-27,5,2948995.0,2926366.928180371,2915991.0
2025-01-22,2025-01-28,6,2990121.0,2929822.9895789786,2915991.0
2025-01-22,2025-01-29,7,2922969.0,2926541.486384383,2915991.0
2025-01-23,2025-01-24,1,3093859.0,3041822.8006615806,3030011.0
2025-01-23,2025-01-25,2,2954100.0,3034686.0928438418,3030011.0
2025-01-23,2025-01-26,3,2939930.0,3030118.8972636024,3030011.0
2025-01-23,2025-01-27,4,2948995.0,3033867.6127433027,3030011.0
2025-01-23,2025-01-28,5,2990121.0,3037254.768685921,3030011.0
2025-01-23,2025-01-29,6,2922969.0,3033410.192597029,3030011.0
2025-01-23,2025-01-30,7,2980009.0,3040576.022305539,3030011.0
2025-01-24,2025-01-25,1,2954100.0,3086709.816589338,3093859.0
2025-01-24,2025-01-26,2,2939930.0,3082146.9919078583,3093859.0
2025-01-24,2025-01-27,3,2948995.0,3085898.1085863775,3093859.0
2025-01-24,2025-01-28,4,2990121.0,3089306.694287226,3093859.0
2025-01-24,2025-01-29,5,2922969.0,3085329.165143096,3093859.0
2025-01-24,2025-01-30,6,2980009.0,3092488.3329959027,3093859.0
2025-01-24,2025-01-31,7,2996661.0,3105274.5428885217,3093859.0
2025-01-25,2025-01-26,1,2939930.0,2949567.548871656,2954100.0
2025-01-25,2025-01-27,2,2948995.0,2953338.650666397,2954100.0
2025-01-25,2025-01-28,3,2990121.0,2956707.808326442,2954100.0
2025-01-25,2025-01-29,4,2922969.0,2952946.0608592364,2954100.0
2025-01-25,2025-01-30,5,2980009.0,2959808.5306252786,2954100.0
2025-01-25,2025-01-31,6,2996661.0,2972678.19970508,2954100.0
2025-01-25,2025-02-01,7,3018891.0,2966410.3538779197,2954100.0
2025-01-26,2025-01-27,1,2948995.0,2943705.336525622,2939930.0
2025-01-26,2025-01-28,2,2990121.0,2947079.9442825066,2939930.0
2025-01-26,2025-01-29,3,2922969.0,2943327.7718520327,2939930.0
2025-01-26,2025-01-30,4,2980009.0,2950178.2015820118,2939930.0
2025-01-26,2025-01-31,5,2996661.0,2963046.7695957134,2939930.0
2025-01-26,2025-02-01,6,3018891.0,2956841.9767110376,2939930.0
2025-01-26,2025-02-02,7,2939932.0,2953242.6504710717,2939930.0
2025-01-27,2025-01-28,1,2990121.0,2952366.249775812,2948995.0
2025-01-27,2025-01-29,2,2922969.0,2948612.4151503434,2948995.0
2025-01-27,2025-01-30,3,2980009.0,2955459.723840378,2948995.0
2025-01-27,2025-01-31,4,2996661.0,2968327.4036066527,2948995.0
2025-01-27,2025-02-01,5,3018891.0,2962098.3683305234,2948995.0
2025-01-27,2025-02-02,6,2939932.0,2958490.331855128,2948995.0
2025-01-27,2025-02-03,7,2992110.0,2962481.8718624804,2948995.0
2025-01-28,2025-01-29,1,2922969.0,2986341.2702567102,2990121.0
2025-01-28,2025-01-30,2,2980009.0,2993234.7700673873,2990121.0
2025-01-28,2025-01-31,3,2996661.0,3006023.7006122777,2990121.0
2025-01-28,2025-02-01,4,3018891.0,2999688.0531005496,2990121.0
2025-01-28,2025-02-02,5,2939932.0,2996247.608399282,2990121.0
2025-01-28,2025-02-03,6,2992110.0,3000157.287163047,2990121.0
2025-01-28,2025-02-04,7,3043331.0,3003408.8812181368,2990121.0
2025-01-29,2025-01-30,1,2980009.0,2929881.359963787,2922969.0
2025-01-29,2025-01-31,2,2996661.0,2942724.85144505,2922969.0
2025-01-29,2025-02-01,3,3018891.0,2936607.031960982,2922969.0
2025-01-29,2025-02-02,4,2939932.0,2932935.7225102363,2922969.0
2025-01-29,2025-02-03,5,2992110.0,2936783.2676901473,2922969.0
2025-01-29,2025-02-04,6,3043331.0,2940343.636615357,2922969.0
2025-01-29,2025-02-05,7,2969236.0,2937254.1515482464,2922969.0
2025-01-30,2025-01-31,1,2996661.0,2992865.3625021023,2980009.0
2025-01-30,2025-02-01,2,3018891.0,2986652.92077004,2980009.0
2025-01-30,2025-02-02,3,2939932.0,2983018.247242234,2980009.0
2025-01-30,2025-02-03,4,2992110.0,2986876.95503207,2980009.0
2025-01-30,2025-02-04,5,3043331.0,2990419.5581069645,2980009.0
2025-01-30,2025-02-05,6,2969236.0,2987117.425929484,2980009.0
2025-01-30,2025-02-06,7,3011526.0,2995241.7111336454,2980009.0
2025-01-31,2025-02-01,1,3018891.0,2990447.6564938994,2996661.0
2025-01-31,2025-02-02,2,2939932.0,2986812.8553650673,2996661.0
2025-01-31,2025-02-03,3,2992110.0,2990671.5721726436,2996661.0
2025-01-31,2025-02-04,4,3043331.0,2994218.447852928,2996661.0
2025-01-31,2025-02-05,5,2969236.0,2990906.269687225,2996661.0
2025-01-31,2025-02-06,6,3011526.0,2999027.739552841,2996661.0
2025-01-31,2025-02-07,7,3060101.0,3012912.4995958405,2996661.0
2025-02-01,2025-02-02,1,2939932.0,3015239.6039744406,3018891.0
2025-02-01,2025-02-03,2,2992110.0,3019088.674505136,3018891.0
2025-02-01,2025-02-04,3,3043331.0,3022677.780489046,3018891.0
2025-02-01,2025-02-05,4,2969236.0,3019316.103720974,3018891.0
2025-02-01,2025-02-06,5,3011526.0,3027476.6402414483,3018891.0
2025-02-01,2025-02-07,6,3060101.0,3041335.8034283896,3018891.0
2025-02-01,2025-02-08,7,3029910.0,3035178.1011839593,3018891.0
2025-02-02,2025-02-03,1,2992110.0,2943816.6942122784,2939932.0
2025-02-02,2025-02-04,2,3043331.0,2947399.2542184494,2939932.0
2025-02-02,2025-02-05,3,2969236.0,2944103.6930429377,2939932.0
2025-02-02,2025-02-06,4,3011526.0,2952232.64402597,2939932.0
2025-02-02,2025-02-07,5,3060101.0,2966111.123212797,2939932.0
2025-02-02,2025-02-08,6,3029910.0,2960416.816494857,2939932.0
2025-02-02,2025-02-09,7,2892909.0,2957890.7059654584,2939932.0
2025-02-03,2025-02-04,1,3043331.0,2995687.0941282855,2992110.0
2025-02-03,2025-02-05,2,2969236.0,2992383.9181473567,2992110.0
2025-02-03,2025-02-06,3,3011526.0,3000456.790508311,2992110.0
2025-02-03,2025-02-07,4,3060101.0,3014288.9140007338,2992110.0
2025-02-03,2025-02-08,5,3029910.0,3008416.127263492,2992110.0
2025-02-03,2025-02-09,6,2892909.0,3005813.8628183897,2992110.0
2025-02-03,2025-02-10,7,2990121.0,3009906.7103755646,2992110.0
2025-02-04,2025-02-05,1,2969236.0,3039995.0348387323,3043331.0
2025-02-04,2025-02-06,2,3011526.0,3048124.8226680714,3043331.0
2025-02-04,2025-02-07,3,3060101.0,3061855.3387708045,3043331.0
2025-02-04,2025-02-08,4,3029910.0,3055852.40079026,3043331.0
2025-02-04,2025-02-09,5,2892909.0,3053463.1168864784,3043331.0
2025-02-04,2025-02-10,6,2990121.0,3057462.5298320665,3043331.0
2025-02-04,2025-02-11,7,2939985.0,3060879.601226609,3043331.0
2025-02-05,2025-02-06,1,3011526.0,2977389.0184303224,2969236.0
2025-02-05,2025-02-07,2,3060101.0,2991181.3385184985,2969236.0
2025-02-05,2025-02-08,3,3029910.0,2985426.919994097,2969236.0
2025-02-05,2025-02-09,4,2892909.0,2982787.001523167,2969236.0
2025-02-05,2025-02-10,5,2990121.0,2986709.2361377445,2969236.0
2025-02-05,2025-02-11,6,2939985.0,2990428.233654035,2969236.0
2025-02-05,2025-02-12,7,3018858.0,2987506.739846951,2969236.0
2025-02-06,2025-02-07,1,3060101.0,3025325.5405928954,3011526.0
2025-02-06,2025-02-08,2,3029910.0,3019505.255140125,3011526.0
2025-02-06,2025-02-09,3,2892909.0,3016876.342144993,3011526.0
2025-02-06,2025-02-10,4,2990121.0,3020770.1659176284,3011526.0
2025-02-06,2025-02-11,5,2939985.0,3024489.2179912482,3011526.0
2025-02-06,2025-02-12,6,3018858.0,3021419.8515029172,3011526.0
2025-02-06,2025-02-13,7,2990211.0,3030499.0757348705,3011526.0
2025-02-07,2025-02-08,1,3029910.0,3054272.6157145975,3060101.0
2025-02-07,2025-02-09,2,2892909.0,3051640.387121773,3060101.0
2025-02-07,2025-02-10,3,2990121.0,3055520.8691475214,3060101.0
2025-02-07,2025-02-11,4,2939985.0,3059281.160249656,3060101.0
2025-02-07,2025-02-12,5,3018858.0,3056167.0285708797,3060101.0
2025-02-07,2025-02-13,6,2990211.0,3065178.4231632706,3060101.0
2025-02-07,2025-02-14,7,3010159.0,3079877.8918623403,3060101.0
2025-02-08,2025-02-09,1,2892909.0,3027292.082335709,3029910.0
2025-02-08,2025-02-10,2,2990121.0,3031185.1386986384,3029910.0
2025-02-08,2025-02-11,3,2939985.0,3034918.4282062077,3029910.0
2025-02-08,2025-02-12,4,3018858.0,3031815.271568356,3029910.0
2025-02-08,2025-02-13,5,2990211.0,3040817.060463698,3029910.0
2025-02-08,2025-02-14,6,3010159.0,3055515.962848672,3029910.0
2025-02-08,2025-02-15,7,2980036.0,3049975.476237201,3029910.0
2025-02-09,2025-02-10,1,2990121.0,2896900.32718868,2892909.0
2025-02-09,2025-02-11,2,2939985.0,2900633.5779199656,2892909.0
2025-02-09,2025-02-12,3,3018858.0,2897592.558923951,2892909.0
2025-02-09,2025-02-13,4,2990211.0,2906587.662066578,2892909.0
2025-02-09,2025-02-14,5,3010159.0,2921225.0129628396,2892909.0
2025-02-09,2025-02-15,6,2980036.0,2916310.411639925,2892909.0
2025-02-09,2025-02-16,7,3010296.0,2915384.023510856,2892909.0
2025-02-10,2025-02-11,1,2939985.0,2993850.417515295,2990121.0
2025-02-10,2025-02-12,2,3018858.0,2990814.301013836,2990121.0
2025-02-10,2025-02-13,3,2990211.0,2999706.4774713563,2990121.0
2025-02-10,2025-02-14,4,3010159.0,3014395.709231551,2990121.0
2025-02-10,2025-02-15,5,2980036.0,3009255.2829488115,2990121.0
2025-02-10,2025-02-16,6,3010296.0,3008117.8073839317,2990121.0
2025-02-10,2025-02-17,7,2996190.0,3012649.1367053725,2990121.0
2025-02-11,2025-02-12,1,3018858.0,2936999.2412661244,2939985.0
2025-02-11,2025-02-13,2,2990211.0,2945831.2134853443,2939985.0
2025-02-11,2025-02-14,3,3010159.0,2960567.4736633752,2939985.0
2025-02-11,2025-02-15,4,2980036.0,2955552.3055980103,2939985.0
2025-02-11,2025-02-16,5,3010296.0,2954185.4834202444,2939985.0
2025-02-11,2025-02-17,6,2996190.0,2958839.389984846,2939985.0
2025-02-11,2025-02-18,7,3062991.0,2963160.9008356296,2939985.0
2025-02-12,2025-02-13,1,2990211.0,3027653.241159119,3018858.0
2025-02-12,2025-02-14,2,3010159.0,3042316.9969009766,3018858.0
2025-02-12,2025-02-15,3,2980036.0,3037040.1254430385,3018858.0
2025-02-12,2025-02-16,4,3010296.0,3035970.991049044,3018858.0
2025-02-12,2025-02-17,5,2996190.0,3040710.2748742066,3018858.0
2025-02-12,2025-02-18,6,3062991.0,3044741.908657046,3018858.0
2025-02-12,2025-02-19,7,2990861.0,3041739.1012086584,3018858.0
2025-02-13,2025-02-14,1,3010159.0,3004863.9272392136,2990211.0
2025-02-13,2025-02-15,2,2980036.0,2999660.130589528,2990211.0
2025-02-13,2025-02-16,3,3010296.0,2998582.50542936,2990211.0
2025-02-13,2025-02-17,4,2996190.0,3003341.4335001586,2990211.0
2025-02-13,2025-02-18,5,3062991.0,3007384.802519437,2990211.0
2025-02-13,2025-02-19,6,2990861.0,3004510.385149657,2990211.0
2025-02-13,2025-02-20,7,3126660.0,3014794.3037468637,2990211.0
2025-02-14,2025-02-15,1,2980036.0,3004954.0238298727,3010159.0
2025-02-14,2025-02-16,2,3010296.0,3003873.878098548,3010159.0
2025-02-14,2025-02-17,3,2996190.0,3008629.285643503,3010159.0
2025-02-14,2025-02-18,4,3062991.0,3012677.6626648996,3010159.0
2025-02-14,2025-02-19,5,2990861.0,3009798.6721735313,3010159.0
2025-02-14,2025-02-20,6,3126660.0,3020069.2787823947,3010159.0
2025-02-14,2025-02-21,7,3112335.0,3035799.246155869,3010159.0
2025-02-15,2025-02-16,1,3010296.0,2978976.9390983363,2980036.0
2025-02-15,2025-02-17,2,2996190.0,2983749.781542535,2980036.0
2025-02-15,2025-02-18,3,3062991.0,2987767.8039480504,2980036.0
2025-02-15,2025-02-19,4,2990861.0,2984886.5204707477,2980036.0
2025-02-15,2025-02-20,5,3126660.0,2995147.896520562,2980036.0
2025-02-15,2025-02-21,6,3112335.0,3010908.3276245757,2980036.0
2025-02-15,2025-02-22,7,3039985.0,3005630.2031516125,2980036.0
2025-02-16,2025-02-17,1,2996190.0,3015056.957062383,3010296.0
2025-02-16,2025-02-18,2,3062991.0,3019088.7838248666,3010296.0
2025-02-16,2025-02-19,3,2990861.0,3016211.356333349,3010296.0
2025-02-16,2025-02-20,4,3126660.0,3026462.3917402737,3010296.0
2025-02-16,2025-02-21,5,3112335.0,3042212.91595471,3010296.0
2025-02-16,2025-02-22,6,3039985.0,3036834.242774777,3010296.0
2025-02-16,2025-02-23,7,2969220.0,3037368.512949951,3010296.0
2025-02-17,2025-02-18,1,3062991.0,3000222.9458640646,2996190.0
2025-02-17,2025-02-19,2,2990861.0,2997343.3236799827,2996190.0
2025-02-17,2025-02-20,3,3126660.0,3007621.9182032715,2996190.0
2025-02-17,2025-02-21,4,3112335.0,3023365.040656407,2996190.0
2025-02-17,2025-02-22,5,3039985.0,3017996.792886123,2996190.0
2025-02-17,2025-02-23,6,2969220.0,3018530.164499829,2996190.0
2025-02-17,2025-02-24,7,3069651.0,3023578.9516030904,2996190.0
2025-02-18,2025-02-19,1,2990861.0,3060091.935567667,3062991.0
2025-02-18,2025-02-20,2,3126660.0,3070431.5711755627,3062991.0
2025-02-18,2025-02-21,3,3112335.0,3086108.3915943555,3062991.0
2025-02-18,2025-02-22,4,3039985.0,3080628.7314452706,3062991.0
2025-02-18,2025-02-23,5,2969220.0,3081375.2753963624,3062991.0
2025-02-18,2025-02-24,6,3069651.0,3086293.8260386745,3062991.0
2025-02-18,2025-02-25,7,3178003.0,3090292.5549886553,3062991.0
2025-02-19,2025-02-20,1,3126660.0,3001232.1688424437,2990861.0
2025-02-19,2025-02-21,2,3112335.0,3016973.8376358305,2990861.0
2025-02-19,2025-02-22,3,3039985.0,3011706.642213316,2990861.0
2025-02-19,2025-02-23,4,2969220.0,3012282.6641882667,2990861.0
2025-02-19,2025-02-24,5,3069651.0,3017141.008337843,2990861.0
2025-02-19,2025-02-25,6,3178003.0,3021386.6493317448,2990861.0
2025-02-19,2025-02-26,7,3173630.0,3019275.932896814,2990861.0
2025-02-20,2025-02-21,1,3112335.0,3142439.7453003516,3126660.0
2025-02-20,2025-02-22,2,3039985.0,3136928.742191041,3126660.0
2025-02-20,2025-02-23,3,2969220.0,3137501.024847223,3126660.0
2025-02-20,2025-02-24,4,3069651.0,3142281.2591332085,3126660.0
2025-02-20,2025-02-25,5,3178003.0,3146509.3565640952,3126660.0
2025-02-20,2025-02-26,6,3173630.0,3144103.9173784293,3126660.0
2025-02-20,2025-02-27,7,3051060.0,3154468.7999540567,3126660.0
2025-02-21,2025-02-22,1,3039985.0,3106832.0785896145,3112335.0
2025-02-21,2025-02-23,2,2969220.0,3107423.1355049293,3112335.0
2025-02-21,2025-02-24,3,3069651.0,3112230.3680038275,3112335.0
2025-02-21,2025-02-25,4,3178003.0,3116436.2272360595,3112335.0
2025-02-21,2025-02-26,5,3173630.0,3114032.4513726057,3112335.0
2025-02-21,2025-02-27,6,3051060.0,3124568.4518842916,3112335.0
2025-02-21,2025-02-28,7,3085110.0,3140615.4036532813,3112335.0
2025-02-22,2025-02-23,1,2969220.0,3040637.748686251,3039985.0
2025-02-22,2025-02-24,2,3069651.0,3045494.469191673,3039985.0
2025-02-22,2025-02-25,3,3178003.0,3049655.8267769217,3039985.0
2025-02-22,2025-02-26,4,3173630.0,3047195.1717414884,3039985.0
2025-02-22,2025-02-27,5,3051060.0,3057800.5096589276,3039985.0
2025-02-22,2025-02-28,6,3085110.0,3073935.305040471,3039985.0
2025-02-22,2025-03-01,7,3039911.0,3069574.006566486,3039985.0
2025-02-23,2025-02-24,1,3069651.0,2974101.473751868,2969220.0
2025-02-23,2025-02-25,2,3178003.0,2978250.367918143,2969220.0
2025-02-23,2025-02-26,3,3173630.0,2975797.581537518,2969220.0
2025-02-23,2025-02-27,4,3051060.0,2986376.1602121647,2969220.0
2025-02-23,2025-02-28,5,3085110.0,3002537.12507628,2969220.0
2025-02-23,2025-03-01,6,3039911.0,2998386.2524177665,2969220.0
2025-02-23,2025-03-02,7,2921960.0,3000570.596222991,2969220.0
2025-02-24,2025-02-25,1,3178003.0,3073793.9604931073,3069651.0
2025-02-24,2025-02-26,2,3173630.0,3071353.0355972867,3069651.0
2025-02-24,2025-02-27,3,3051060.0,3081855.6479252293,3069651.0
2025-02-24,2025-02-28,4,3085110.0,3098034.1288482514,3069651.0
2025-02-24,2025-03-01,5,3039911.0,3093810.406374108,3069651.0
2025-02-24,2025-03-02,6,2921960.0,3095953.5959175774,3069651.0
2025-02-24,2025-03-03,7,3001861.0,3101386.454895884,3069651.0
2025-02-25,2025-02-26,1,3173630.0,3175520.7761076908,3178003.0
2025-02-25,2025-02-27,2,3051060.0,3186121.826991355,3178003.0
2025-02-25,2025-02-28,3,3085110.0,3202184.0439912537,3178003.0
2025-02-25,2025-03-01,4,3039911.0,3197764.108111359,3178003.0
2025-02-25,2025-03-02,5,2921960.0,3200169.804753513,3178003.0
2025-02-25,2025-03-03,6,3001861.0,3205418.0092656817,3178003.0
2025-02-25,2025-03-04,7,3010168.0,3209327.1397508318,3178003.0
2025-02-26,2025-02-27,1,3051060.0,3184231.984219793,3173630.0
2025-02-26,2025-02-28,2,3085110.0,3200296.1598729016,3173630.0
2025-02-26,2025-03-01,3,3039911.0,3195881.51560306,3173630.0
2025-02-26,2025-03-02,4,2921960.0,3198286.967188119,3173630.0
2025-02-26,2025-03-03,5,3001861.0,3203529.530201908,3173630.0
2025-02-26,2025-03-04,6,3010168.0,3207446.0344933635,3173630.0
2025-02-26,2025-03-05,7,2999025.0,3204946.5087134815,3173630.0
2025-02-27,2025-02-28,1,3085110.0,3067083.383002742,3051060.0
2025-02-27,2025-03-01,2,3039911.0,3062925.3024643464,3051060.0
2025-02-27,2025-03-02,3,2921960.0,3065439.3610091754,3051060.0
2025-02-27,2025-03-03,4,3001861.0,3070803.7712800424,3051060.0
2025-02-27,2025-03-04,5,3010168.0,3074693.7733343057,3051060.0
2025-02-27,2025-03-05,6,2999025.0,3072520.852526259,3051060.0
2025-02-27,2025-03-06,7,3039389.0,3083887.536621092,3051060.0
2025-02-28,2025-03-01,1,3039911.0,3080946.039894879,3085110.0
2025-02-28,2025-03-02,2,2921960.0,3083445.250504735,3085110.0
2025-02-28,2025-03-03,3,3001861.0,3088792.008097928,3085110.0
2025-02-28,2025-03-04,4,3010168.0,3092693.421651751,3085110.0
2025-02-28,2025-03-05,5,2999025.0,3090522.1840049457,3085110.0
2025-02-28,2025-03-06,6,3039389.0,3101819.150145381,3085110.0
2025-02-28,2025-03-07,7,3133195.0,3117746.7683524233,3085110.0
2025-03-01,2025-03-02,1,2921960.0,3042445.3150950363,3039911.0
2025-03-01,2025-03-03,2,3001861.0,3047833.1692364467,3039911.0
2025-03-01,2025-03-04,3,3010168.0,3051699.444714006,3039911.0
2025-03-01,2025-03-05,4,2999025.0,3049506.4084833893,3039911.0
2025-03-01,2025-03-06,5,3039389.0,3060826.507833212,3039911.0
2025-03-01,2025-03-07,6,3133195.0,3076829.781274915,3039911.0
2025-03-01,2025-03-08,7,2969526.0,3073467.8006089926,3039911.0
2025-03-02,2025-03-03,1,3001861.0,2927384.2903214004,2921960.0
2025-03-02,2025-03-04,2,3010168.0,2931189.385841151,2921960.0
2025-03-02,2025-03-05,3,2999025.0,2929063.008972839,2921960.0
2025-03-02,2025-03-06,4,3039389.0,2940384.1787284445,2921960.0
2025-03-02,2025-03-07,5,3133195.0,2956405.4064912368,2921960.0
2025-03-02,2025-03-08,6,2969526.0,2953247.2840204695,2921960.0
2025-03-02,2025-03-09,7,2954622.0,2957353.6721657068,2921960.0
2025-03-03,2025-03-04,1,3010168.0,3005662.7968303207,3001861.0
2025-03-03,2025-03-05,2,2999025.0,3003518.386510248,3001861.0
2025-03-03,2025-03-06,3,3039389.0,3014788.456338237,3001861.0
2025-03-03,2025-03-07,4,3133195.0,3030812.4399224883,3001861.0
2025-03-03,2025-03-08,5,2969526.0,3027643.1286903494,3001861.0
2025-03-03,2025-03-09,6,2954622.0,3031676.0547153847,3001861.0
2025-03-03,2025-03-10,7,2996022.0,3037751.4845072664,3001861.0
2025-03-04,2025-03-05,1,2999025.0,3008022.5724788127,3010168.0
2025-03-04,2025-03-06,2,3039389.0,3019298.2468324457,3010168.0
2025-03-04,2025-03-07,3,3133195.0,3035315.7953571645,3010168.0
2025-03-04,2025-03-08,4,2969526.0,3032144.7639910486,3010168.0
2025-03-04,2025-03-09,5,2954622.0,3036180.324548935,3010168.0
2025-03-04,2025-03-10,6,2996022.0,3042245.125130235,3010168.0
2025-03-04,2025-03-11,7,2993661.0,3047086.2309673084,3010168.0
2025-03-05,2025-03-06,1,3039389.0,3010302.0522643626,2999025.0
2025-03-05,2025-03-07,2,3133195.0,3026324.529885971,2999025.0
2025-03-05,2025-03-08,3,2969526.0,3023172.9035699274,2999025.0
2025-03-05,2025-03-09,4,2954622.0,3027208.7364635733,2999025.0
2025-03-05,2025-03-10,5,2996022.0,3033269.6319124033,2999025.0
2025-03-05,2025-03-11,6,2993661.0,3038138.593098612,2999025.0
2025-03-05,2025-03-12,7,3025602.0,3036747.286966672,2999025.0
2025-03-06,2025-03-07,1,3133195.0,3055429.273230467,3039389.0
2025-03-06,2025-03-08,2,2969526.0,3052227.235040398,3039389.0
2025-03-06,2025-03-09,3,2954622.0,3056250.7095717452,3039389.0
2025-03-06,2025-03-10,4,2996022.0,3062287.3486516243,3039389.0
2025-03-06,2025-03-11,5,2993661.0,3067143.873021193,3039389.0
2025-03-06,2025-03-12,6,3025602.0,3065670.794470408,3039389.0
2025-03-06,2025-03-13,7,3045693.0,3078053.086244962,3039389.0
2025-03-07,2025-03-08,1,2969526.0,3129971.665288815,3133195.0
2025-03-07,2025-03-09,2,2954622.0,3133901.399507176,3133195.0
2025-03-07,2025-03-10,3,2996022.0,3139870.626017985,3133195.0
2025-03-07,2025-03-11,4,2993661.0,3144823.300240768,3133195.0
2025-03-07,2025-03-12,5,3025602.0,3143227.729213582,3133195.0
2025-03-07,2025-03-13,6,3045693.0,3155225.463958659,3133195.0
2025-03-07,2025-03-14,7,3113993.0,3171313.4392321687,3133195.0
2025-04-15,2025-04-16,1,2945495.0,3029335.0726709943,3029238.0
2025-04-15,2025-04-17,2,2969893.0,3045884.6696814625,3029238.0
2025-04-15,2025-04-18,3,2992186.0,3058206.3333839187,3029238.0
2025-04-15,2025-04-19,4,2918006.0,3056714.0897676772,3029238.0
2025-04-15,2025-04-20,5,3015261.0,3065479.7166674007,3029238.0
2025-04-15,2025-04-21,6,2960520.0,3077352.3915853915,3029238.0
2025-04-15,2025-04-22,7,3010015.0,3084038.082528854,3029238.0
2025-04-16,2025-04-17,1,2969893.0,2961988.3659885777,2945495.0
2025-04-16,2025-04-18,2,2992186.0,2974414.780665019,2945495.0
2025-04-16,2025-04-19,3,2918006.0,2973202.409835548,2945495.0
2025-04-16,2025-04-20,4,3015261.0,2981941.9817780023,2945495.0
2025-04-16,2025-04-21,5,2960520.0,2993680.403282593,2945495.0
2025-04-16,2025-04-22,6,3010015.0,3000494.983436593,2945495.0
2025-04-16,2025-04-23,7,3001182.0,3000959.730722366,2945495.0
2025-04-17,2025-04-18,1,2992186.0,2982321.3607048145,2969893.0
2025-04-17,2025-04-19,2,2918006.0,2981098.701760792,2969893.0
2025-04-17,2025-04-20,3,3015261.0,2989831.9062767667,2969893.0
2025-04-17,2025-04-21,4,2960520.0,3001577.0468997117,2969893.0
2025-04-17,2025-04-22,5,3010015.0,3008392.2546884418,2969893.0
2025-04-17,2025-04-23,6,3001182.0,3008814.989815365,2969893.0
2025-04-17,2025-04-24,7,3018958.0,3025365.997200428,2969893.0
2025-04-18,2025-04-19,1,2918006.0,2990963.8887709836,2992186.0
2025-04-18,2025-04-20,2,3015261.0,2999689.7970332196,2992186.0
2025-04-18,2025-04-21,3,2960520.0,3011424.330989934,2992186.0
2025-04-18,2025-04-22,4,3010015.0,3018242.710768841,2992186.0
2025-04-18,2025-04-23,5,3001182.0,3018657.54607339,2992186.0
2025-04-18,2025-04-24,6,3018958.0,3035168.2531767115,2992186.0
2025-04-18,2025-04-25,7,3125629.0,3046823.9576541525,2992186.0
2025-04-19,2025-04-20,1,3015261.0,2926774.830001105,2918006.0
2025-04-19,2025-04-21,2,2960520.0,2938602.717409743,2918006.0
2025-04-19,2025-04-22,3,3010015.0,2945399.0902950363,2918006.0
2025-04-19,2025-04-23,4,3001182.0,2945860.983015093,2918006.0
2025-04-19,2025-04-24,5,3018958.0,2962545.7252934845,2918006.0
2025-04-19,2025-04-25,6,3125629.0,2974532.416011923,2918006.0
2025-04-19,2025-04-26,7,3106929.0,2973514.185071526,2918006.0
2025-04-20,2025-04-21,1,2960520.0,3027037.6711521707,3015261.0
2025-04-20,2025-04-22,2,3010015.0,3033837.4410202634,3015261.0
2025-04-20,2025-04-23,3,3001182.0,3034229.1035782695,3015261.0
2025-04-20,2025-04-24,4,3018958.0,3050927.4734659176,3015261.0
2025-04-20,2025-04-25,5,3125629.0,3062603.8024173733,3015261.0
2025-04-20,2025-04-26,6,3106929.0,3061519.5457236543,3015261.0
2025-04-20,2025-04-27,7,3100119.0,3070534.627670085,3015261.0
2025-04-21,2025-04-22,1,3010015.0,2967335.2208644534,2960520.0
2025-04-21,2025-04-23,2,3001182.0,2967778.737994043,2960520.0
2025-04-21,2025-04-24,3,3018958.0,2984463.148419589,2960520.0
2025-04-21,2025-04-25,4,3125629.0,2996290.9321242124,2960520.0
2025-04-21,2025-04-26,5,3106929.0,2995234.7942103697,2960520.0
2025-04-21,2025-04-27,6,3100119.0,3004244.9209084637,2960520.0
2025-04-21,2025-04-28,7,3162981.0,3016573.0386077072,2960520.0
2025-04-22,2025-04-23,1,3001182.0,3010452.0701779122,3010015.0
2025-04-22,2025-04-24,2,3018958.0,3027198.6543162563,3010015.0
2025-04-22,2025-04-25,3,3125629.0,3038917.2972108796,3010015.0
2025-04-22,2025-04-26,4,3106929.0,3037814.11735259,3010015.0
2025-04-22,2025-04-27,5,3100119.0,3046889.9960028636,3010015.0
2025-04-22,2025-04-28,6,3162981.0,3059226.9105078443,3010015.0
2025-04-22,2025-04-29,7,3125629.0,3066252.689297666,3010015.0
2025-04-23,2025-04-24,1,3018958.0,3017924.892275434,3001182.0
2025-04-23,2025-04-25,2,3125629.0,3029657.4675789387,3001182.0
2025-04-23,2025-04-26,3,3106929.0,3028579.015266535,3001182.0
2025-04-23,2025-04-27,4,3100119.0,3037654.334816905,3001182.0
2025-04-23,2025-04-28,5,3162981.0,3049979.105130921,3001182.0
2025-04-23,2025-04-29,6,3125629.0,3057018.092205072,3001182.0
2025-04-23,2025-04-30,7,3069909.0,3056865.4346403303,3001182.0
2025-04-24,2025-04-25,1,3125629.0,3030690.993726658,3018958.0
2025-04-24,2025-04-26,2,3106929.0,3029611.142762722,3018958.0
2025-04-24,2025-04-27,3,3100119.0,3038685.544307122,3018958.0
2025-04-24,2025-04-28,4,3162981.0,3051010.8069897625,3018958.0
2025-04-24,2025-04-29,5,3125629.0,3058050.123662324,3018958.0
2025-04-24,2025-04-30,6,3069909.0,3057892.2213797797,3018958.0
2025-04-24,2025-05-01,7,3136992.0,3074509.956436531,3018958.0
2025-04-25,2025-04-26,1,3106929.0,3124553.7874235483,3125629.0
2025-04-25,2025-04-27,2,3100119.0,3133558.2690161667,3125629.0
2025-04-25,2025-04-28,3,3162981.0,3145789.0005299905,3125629.0
2025-04-25,2025-04-29,4,3125629.0,3152848.8167808624,3125629.0
2025-04-25,2025-04-30,5,3069909.0,3152596.792720824,3125629.0
2025-04-25,2025-05-01,6,3136992.0,3168551.083600351,3125629.0
2025-04-25,2025-05-02,7,3199020.0,3178126.034663366,3125629.0
2025-04-26,2025-04-27,1,3100119.0,3115943.8790472723,3106929.0
2025-04-26,2025-04-28,2,3162981.0,3128192.4710976854,3106929.0
2025-04-26,2025-04-29,3,3125629.0,3135247.6860465305,3106929.0
2025-04-26,2025-04-30,4,3069909.0,3135003.350511937,3106929.0
2025-04-26,2025-05-01,5,3136992.0,3151052.392593146,3106929.0
2025-04-26,2025-05-02,6,3199020.0,3160739.5910777207,3106929.0
2025-04-26,2025-05-03,7,3218562.0,3160622.1828033435,3106929.0
2025-04-27,2025-04-28,1,3162981.0,3112374.8846970554,3100119.0
2025-04-27,2025-04-29,2,3125629.0,3119430.2867640136,3100119.0
2025-04-27,2025-04-30,3,3069909.0,3119196.3798093684,3100119.0
2025-04-27,2025-05-01,4,3136992.0,3135283.1755624367,3100119.0
2025-04-27,2025-05-02,5,3199020.0,3145043.672044338,3100119.0
2025-04-27,2025-05-03,6,3218562.0,3144831.0878327074,3100119.0
2025-04-27,2025-05-04,7,3260580.0,3154660.845971343,3100119.0
2025-04-28,2025-04-29,1,3125629.0,3170021.5615716204,3162981.0
2025-04-28,2025-04-30,2,3069909.0,3169753.369013072,3162981.0
2025-04-28,2025-05-01,3,3136992.0,3185776.9486025544,3162981.0
2025-04-28,2025-05-02,4,3199020.0,3195365.382089206,3162981.0
2025-04-28,2025-05-03,5,3218562.0,3195373.8984432174,3162981.0
2025-04-28,2025-05-04,6,3260580.0,3205221.2556039714,3162981.0
2025-04-28,2025-05-05,7,3199020.0,3218134.6553139538,3162981.0
2025-04-29,2025-04-30,1,3069909.0,3125365.6385549563,3125629.0
2025-04-29,2025-05-01,2,3136992.0,3141420.470025487,3125629.0
2025-04-29,2025-05-02,3,3199020.0,3151175.234831605,3125629.0
2025-04-29,2025-05-03,4,3218562.0,3151051.9968839693,3125629.0
2025-04-29,2025-05-04,5,3260580.0,3160835.476880768,3125629.0
2025-04-29,2025-05-05,6,3199020.0,3173773.1902223527,3125629.0
2025-04-29,2025-05-06,7,3145136.0,3180663.13569066,3125629.0
2025-04-30,2025-05-01,1,3136992.0,3085943.9184962315,3069909.0
2025-04-30,2025-05-02,2,3199020.0,3095765.9881094224,3069909.0
2025-04-30,2025-05-03,3,3218562.0,3095641.1383956866,3069909.0
2025-04-30,2025-05-04,4,3260580.0,3105448.4730211026,3069909.0
2025-04-30,2025-05-05,5,3199020.0,3118366.5349028595,3069909.0
2025-04-30,2025-05-06,6,3145136.0,3125301.3174780924,3069909.0
2025-04-30,2025-05-07,7,3106928.0,3124122.0906770444,3069909.0
2025-05-01,2025-05-02,1,3199020.0,3146838.231746755,3136992.0
2025-05-01,2025-05-03,2,3218562.0,3146728.1506893733,3136992.0
2025-05-01,2025-05-04,3,3260580.0,3156475.6499020704,3136992.0
2025-05-01,2025-05-05,4,3199020.0,3169393.350172438,3136992.0
2025-05-01,2025-05-06,5,3145136.0,3176358.912099123,3136992.0
2025-05-01,2025-05-07,6,3106928.0,3175019.868394256,3136992.0
2025-05-01,2025-05-08,7,3136569.0,3189807.368274879,3136992.0
2025-05-02,2025-05-03,1,3218562.0,3198921.120476774,3199020.0
2025-05-02,2025-05-04,2,3260580.0,3208630.390782694,3199020.0
2025-05-02,2025-05-05,3,3199020.0,3221498.8650118955,3199020.0
2025-05-02,2025-05-06,4,3145136.0,3228479.721928033,3199020.0
2025-05-02,2025-05-07,5,3106928.0,3227108.585325106,3199020.0
2025-05-02,2025-05-08,6,3136569.0,3241467.043662976,3199020.0
2025-05-02,2025-05-09,7,3125091.0,3249045.696057285,3199020.0
2025-05-03,2025-05-04,1,3260580.0,3228259.6816077624,3218562.0
2025-05-03,2025-05-05,2,3199020.0,3241110.1212579855,3218562.0
2025-05-03,2025-05-06,3,3145136.0,3248095.8279148974,3218562.0
2025-05-03,2025-05-07,4,3106928.0,3246710.1893200623,3218562.0
2025-05-03,2025-05-08,5,3136569.0,3260945.7881594975,3218562.0
2025-05-03,2025-05-09,6,3125091.0,3268355.447648268,3218562.0
2025-05-03,2025-05-10,7,3180060.0,3270576.9880544404,3218562.0
2025-05-04,2025-05-05,1,3199020.0,3273415.933713054,3260580.0
2025-05-04,2025-05-06,2,3145136.0,3280395.876230317,3260580.0
2025-05-04,2025-05-07,3,3106928.0,3278986.136935274,3260580.0
2025-05-04,2025-05-08,4,3136569.0,3293117.2778772865,3260580.0
2025-05-04,2025-05-09,5,3125091.0,3300288.037133573,3260580.0
2025-05-04,2025-05-10,6,3180060.0,3302756.9826286216,3260580.0
2025-05-04,2025-05-11,7,3180195.0,3313373.8127543963,3260580.0
2025-05-05,2025-05-06,1,3145136.0,3206010.6231289646,3199020.0
2025-05-05,2025-05-07,2,3106928.0,3204656.5371568194,3199020.0
2025-05-05,2025-05-08,3,3136569.0,3218922.965847053,3199020.0
2025-05-05,2025-05-09,4,3125091.0,3226480.611866043,3199020.0
2025-05-05,2025-05-10,5,3180060.0,3228551.9455743153,3199020.0
2025-05-05,2025-05-11,6,3180195.0,3239123.551732103,3199020.0
2025-05-05,2025-05-12,7,3335652.0,3252486.211660536,3199020.0
2025-05-06,2025-05-07,1,3106928.0,3143790.8808179977,3145136.0
2025-05-06,2025-05-08,2,3136569.0,3158117.7689485843,3145136.0
2025-05-06,2025-05-09,3,3125091.0,3165918.4354056357,3145136.0
2025-05-06,2025-05-10,4,3180060.0,3167771.883034545,3145136.0
2025-05-06,2025-05-11,5,3180195.0,3178239.1016332847,3145136.0
2025-05-06,2025-05-12,6,3335652.0,3191654.3503182703,3145136.0
2025-05-06,2025-05-13,7,3319919.0,3198147.49266567,3145136.0
2025-05-07,2025-05-08,1,3136569.0,3121249.9716585334,3106928.0
2025-05-07,2025-05-09,2,3125091.0,3129101.042775418,3106928.0
2025-05-07,2025-05-10,3,3180060.0,3130923.1992961084,3106928.0
2025-05-07,2025-05-11,4,3180195.0,3141395.130565969,3106928.0
2025-05-07,2025-05-12,5,3335652.0,3154808.2988582496,3106928.0
2025-05-07,2025-05-13,6,3319919.0,3161330.5071864305,3106928.0
2025-05-07,2025-05-14,7,3253305.0,3159711.900341453,3106928.0
2025-05-08,2025-05-09,1,3125091.0,3144427.3213801472,3136569.0
2025-05-08,2025-05-10,2,3180060.0,3146252.7861716165,3136569.0
2025-05-08,2025-05-11,3,3180195.0,3156707.365505445,3136569.0
2025-05-08,2025-05-12,4,3335652.0,3170121.908101359,3136569.0
2025-05-08,2025-05-13,5,3319919.0,3176652.4713659985,3136569.0
2025-05-08,2025-05-14,6,3253305.0,3174982.45336864,3136569.0
2025-05-08,2025-05-15,7,3305610.0,3188814.5597273563,3136569.0
2025-05-09,2025-05-10,1,3180060.0,3126912.986761728,3125091.0
2025-05-09,2025-05-11,2,3180195.0,3137380.1377274147,3125091.0
2025-05-09,2025-05-12,3,3335652.0,3150814.721349541,3125091.0
2025-05-09,2025-05-13,4,3319919.0,3157342.3407728346,3125091.0
2025-05-09,2025-05-14,5,3253305.0,3155689.472037793,3125091.0
2025-05-09,2025-05-15,6,3305610.0,3169694.544969345,3125091.0
2025-05-09,2025-05-16,7,3226260.0,3176514.1511609433,3125091.0
2025-05-10,2025-05-11,1,3180195.0,3190495.7728362735,3180060.0
2025-05-10,2025-05-12,2,3335652.0,3203868.2774318755,3180060.0
2025-05-10,2025-05-13,3,3319919.0,3210395.606033042,3180060.0
2025-05-10,2025-05-14,4,3253305.0,3208707.324518821,3180060.0
2025-05-10,2025-05-15,5,3305610.0,3222372.4006831916,3180060.0
2025-05-10,2025-05-16,6,3226260.0,3228642.4883206096,3180060.0
2025-05-10,2025-05-17,7,3218991.0,3231773.4281656733,3180060.0
2025-05-11,2025-05-12,1,3335652.0,3193573.7782375817,3180195.0
2025-05-11,2025-05-13,2,3319919.0,3200105.2662714967,3180195.0
2025-05-11,2025-05-14,3,3253305.0,3198423.754825863,3180195.0
2025-05-11,2025-05-15,4,3305610.0,3212121.63031553,3180195.0
2025-05-11,2025-05-16,5,3226260.0,3218473.8398092333,3180195.0
2025-05-11,2025-05-17,6,3218991.0,3221523.8391220015,3180195.0
2025-05-11,2025-05-18,7,3239106.0,3232499.6907418296,3180195.0
2025-05-12,2025-05-13,1,3319919.0,3342104.9142075814,3335652.0
2025-05-12,2025-05-14,2,3253305.0,3340397.163391888,3335652.0
2025-05-12,2025-05-15,3,3305610.0,3353844.9706285023,3335652.0
2025-05-12,2025-05-16,4,3226260.0,3359295.7979053953,3335652.0
2025-05-12,2025-05-17,5,3218991.0,3363202.9354699217,3335652.0
2025-05-12,2025-05-18,6,3239106.0,3374339.212691044,3335652.0
2025-05-12,2025-05-19,7,3320211.0,3387658.2393808924,3335652.0
2025-05-13,2025-05-14,1,3253305.0,3318211.9096210673,3319919.0
2025-05-13,2025-05-15,2,3305610.0,3331682.1917720214,3319919.0
2025-05-13,2025-05-16,3,3226260.0,3337232.3102319883,3319919.0
2025-05-13,2025-05-17,4,3218991.0,3341069.448939505,3319919.0
2025-05-13,2025-05-18,5,3239106.0,3352171.2206788515,3319919.0
2025-05-13,2025-05-19,6,3320211.0,3365515.0858327923,3319919.0
2025-05-13,2025-05-20,7,3326922.0,3371433.3733826503,3319919.0
2025-05-14,2025-05-15,1,3305610.0,3266775.279445632,3253305.0
2025-05-14,2025-05-16,2,3226260.0,3272417.854092355,3253305.0
2025-05-14,2025-05-17,3,3218991.0,3276204.7346783197,3253305.0
2025-05-14,2025-05-18,4,3239106.0,3287326.5059622726,3253305.0
2025-05-14,2025-05-19,5,3320211.0,3300662.0315099135,3253305.0
2025-05-14,2025-05-20,6,3326922.0,3306674.6567980573,3253305.0
2025-05-14,2025-05-21,7,3352695.0,3304200.4307396878,3253305.0
2025-05-15,2025-05-16,1,3226260.0,3311270.9564087065,3305610.0
2025-05-15,2025-05-17,2,3218991.0,3315062.4301807317,3305610.0
2025-05-15,2025-05-18,3,3239106.0,3326135.4245069893,3305610.0
2025-05-15,2025-05-19,4,3320211.0,3339476.9739052015,3305610.0
2025-05-15,2025-05-20,5,3326922.0,3345480.668474164,3305610.0
2025-05-15,2025-05-21,6,3352695.0,3342950.733971959,3305610.0
2025-05-15,2025-05-22,7,3409885.0,3353761.705226747,3305610.0
2025-05-16,2025-05-17,1,3218991.0,3230037.9110904993,3226260.0
2025-05-16,2025-05-18,2,3239106.0,3241171.1168692494,3226260.0
2025-05-16,2025-05-19,3,3320211.0,3254587.2709353687,3226260.0
2025-05-16,2025-05-20,4,3326922.0,3260633.5468235007,3226260.0
2025-05-16,2025-05-21,5,3352695.0,3258072.001759624,3226260.0
2025-05-16,2025-05-22,6,3409885.0,3269481.989945518,3226260.0
2025-05-16,2025-05-23,7,3359913.0,3273179.6278165095,3226260.0
2025-05-17,2025-05-18,1,3239106.0,3230127.679412343,3218991.0
2025-05-17,2025-05-19,2,3320211.0,3243549.3667639573,3218991.0
2025-05-17,2025-05-20,3,3326922.0,3249602.017743648,3218991.0
2025-05-17,2025-05-21,4,3352695.0,3247052.487240718,3218991.0
2025-05-17,2025-05-22,5,3409885.0,3258525.55361877,3218991.0
2025-05-17,2025-05-23,6,3359913.0,3262345.7452867976,3218991.0
2025-05-17,2025-05-24,7,3308031.0,3267671.3571805824,3218991.0
2025-05-18,2025-05-19,1,3320211.0,3252522.407464624,3239106.0
2025-05-18,2025-05-20,2,3326922.0,3258570.531989533,3239106.0
2025-05-18,2025-05-21,3,3352695.0,3256013.648195657,3239106.0
2025-05-18,2025-05-22,4,3409885.0,3267458.9074694845,3239106.0
2025-05-18,2025-05-23,5,3359913.0,3271200.3230883502,3239106.0
2025-05-18,2025-05-24,6,3308031.0,3276595.359409083,3239106.0
2025-05-18,2025-05-25,7,3238300.0,3288518.7140279887,3239106.0
2025-05-19,2025-05-20,1,3326922.0,3326223.004867606,3320211.0
2025-05-19,2025-05-21,2,3352695.0,3323637.1599241807,3320211.0
2025-05-19,2025-05-22,3,3409885.0,3335011.0302563193,3320211.0
2025-05-19,2025-05-23,4,3359913.0,3338227.068713766,3320211.0
2025-05-19,2025-05-24,5,3308031.0,3344007.0899557564,3320211.0
2025-05-19,2025-05-25,6,3238300.0,3356043.988747288,3320211.0
2025-05-19,2025-05-26,7,3301835.0,3369424.4172313586,3320211.0
2025-05-20,2025-05-21,1,3352695.0,3324335.9728982192,3326922.0
2025-05-20,2025-05-22,2,3409885.0,3335708.1127259796,3326922.0
2025-05-20,2025-05-23,3,3359913.0,3338920.0999635626,3326922.0
2025-05-20,2025-05-24,4,3308031.0,3344701.883272023,3326922.0
2025-05-20,2025-05-25,5,3238300.0,3356740.0761092985,3326922.0
2025-05-20,2025-05-26,6,3301835.0,3370119.644300937,3326922.0
2025-05-20,2025-05-27,7,3223018.0,3375602.253251125,3326922.0
2025-05-21,2025-05-22,1,3409885.0,3364059.5198371424,3352695.0
2025-05-21,2025-05-23,2,3359913.0,3367207.6842426555,3352695.0
2025-05-21,2025-05-24,3,3308031.0,3372991.0028214147,3352695.0
2025-05-21,2025-05-25,4,3238300.0,3385039.6246754355,3352695.0
2025-05-21,2025-05-26,5,3301835.0,3398412.4872753303,3352695.0
2025-05-21,2025-05-27,6,3223018.0,3403837.1252306225,3352695.0
2025-05-21,2025-05-28,7,3173080.0,3400864.326116885,3352695.0
2025-05-22,2025-05-23,1,3359913.0,3413037.286414639,3409885.0
2025-05-22,2025-05-24,2,3308031.0,3418815.9085542103,3409885.0
2025-05-22,2025-05-25,3,3238300.0,3430824.3275180855,3409885.0
2025-05-22,2025-05-26,4,3301835.0,3444183.28025345,3409885.0
2025-05-22,2025-05-27,5,3223018.0,3449586.9190476146,3409885.0
2025-05-22,2025-05-28,6,3173080.0,3446587.7439450505,3409885.0
2025-05-22,2025-05-29,7,3223032.0,3455113.7586616874,3409885.0
2025-05-23,2025-05-24,1,3308031.0,3365689.5877373423,3359913.0
2025-05-23,2025-05-25,2,3238300.0,3377708.2905323426,3359913.0
2025-05-23,2025-05-26,3,3301835.0,3391103.760607361,3359913.0
2025-05-23,2025-05-27,4,3223018.0,3396557.5037706047,3359913.0
2025-05-23,2025-05-28,5,3173080.0,3393475.159626655,3359913.0
2025-05-23,2025-05-29,6,3223032.0,3402367.3541196557,3359913.0
2025-05-23,2025-05-30,7,3238369.0,3401796.747297801,3359913.0
2025-05-24,2025-05-25,1,3238300.0,3320057.9341884158,3308031.0
2025-05-24,2025-05-26,2,3301835.0,3333485.087192472,3308031.0
2025-05-24,2025-05-27,3,3223018.0,3339008.133494056,3308031.0
2025-05-24,2025-05-28,4,3173080.0,3335787.7784697344,3308031.0
2025-05-24,2025-05-29,5,3223032.0,3344894.2011084366,3308031.0
2025-05-24,2025-05-30,6,3238369.0,3345036.939158764,3308031.0
2025-05-24,2025-05-31,7,3283683.0,3352825.317141005,3308031.0
2025-05-25,2025-05-26,1,3301835.0,3251769.9367714976,3238300.0
2025-05-25,2025-05-27,2,3223018.0,3257367.4682559283,3238300.0
2025-05-25,2025-05-28,3,3173080.0,3254034.697178302,3238300.0
2025-05-25,2025-05-29,4,3223032.0,3263211.90727541,3238300.0
2025-05-25,2025-05-30,5,3238369.0,3264220.917576272,3238300.0
2025-05-25,2025-05-31,6,3283683.0,3271504.9166564466,3238300.0
2025-05-25,2025-06-01,7,3318031.0,3284189.884377861,3238300.0
2025-05-26,2025-05-27,1,3223018.0,3307406.251985426,3301835.0
2025-05-26,2025-05-28,2,3173080.0,3304094.963870698,3301835.0
2025-05-26,2025-05-29,3,3223032.0,3313251.973327589,3301835.0
2025-05-26,2025-05-30,4,3238369.0,3313874.6023100964,3301835.0
2025-05-26,2025-05-31,5,3283683.0,3321404.074202828,3301835.0
2025-05-26,2025-06-01,6,3318031.0,3334172.2305792137,3301835.0
2025-05-26,2025-06-02,7,3352136.0,3347579.609482173,3301835.0
2025-05-27,2025-05-28,1,3173080.0,3219708.2106337226,3223018.0
2025-05-27,2025-05-29,2,3223032.0,3228915.604009644,3223018.0
2025-05-27,2025-05-30,3,3238369.0,3229972.9301235033,3223018.0
2025-05-27,2025-05-31,4,3283683.0,3237263.680785898,3223018.0
2025-05-27,2025-06-01,5,3318031.0,3249865.1875165817,3223018.0
2025-05-27,2025-06-02,6,3352136.0,3263352.246271732,3223018.0
2025-05-27,2025-06-03,7,3338895.0,3268647.6343068713,3223018.0
2025-05-28,2025-05-29,1,3223032.0,3182282.03503459,3173080.0
2025-05-28,2025-05-30,2,3238369.0,3183435.579987377,3173080.0
2025-05-28,2025-05-31,3,3283683.0,3190706.795518794,3173080.0
2025-05-28,2025-06-01,4,3318031.0,3203305.1090676105,3173080.0
2025-05-28,2025-06-02,5,3352136.0,3216782.764123096,3173080.0
2025-05-28,2025-06-03,6,3338895.0,3222155.205593542,3173080.0
2025-05-28,2025-06-04,7,2989880.0,3219113.6036006124,3173080.0
2025-05-29,2025-05-30,1,3238369.0,3224198.716715268,3223032.0
2025-05-29,2025-05-31,2,3283683.0,3231482.917792827,3223032.0
2025-05-29,2025-06-01,3,3318031.0,3244040.8111239546,3223032.0
2025-05-29,2025-06-02,4,3352136.0,3257519.495103617,3223032.0
2025-05-29,2025-06-03,5,3338895.0,3262865.8716972796,3223032.0
2025-05-29,2025-06-04,6,2989880.0,3259787.5136200194,3223032.0
2025-05-29,2025-06-05,7,2918300.0,3268458.149446167,3223032.0
2025-05-30,2025-05-31,1,3283683.0,3245654.7449147115,3238369.0
2025-05-30,2025-06-01,2,3318031.0,3258208.9301509964,3238369.0
2025-05-30,2025-06-02,3,3352136.0,3271680.35124256,3238369.0
2025-05-30,2025-06-03,4,3338895.0,3277009.6955790864,3238369.0
2025-05-30,2025-06-04,5,2989880.0,3273957.3358727745,3238369.0
2025-05-30,2025-06-05,6,2918300.0,3282561.20525095,3238369.0
2025-05-30,2025-06-06,7,3008667.0,3282742.5108242063,3238369.0
2025-05-31,2025-06-01,1,3318031.0,3296231.525702425,3283683.0
2025-05-31,2025-06-02,2,3352136.0,3309682.1735272575,3283683.0
2025-05-31,2025-06-03,3,3338895.0,3314964.9800110245,3283683.0
2025-05-31,2025-06-04,4,2989880.0,3312005.5296329227,3283683.0
2025-05-31,2025-06-05,5,2918300.0,3320479.044868637,3283683.0
2025-05-31,2025-06-06,6,3008667.0,3320183.6977802827,3283683.0
2025-05-31,2025-06-07,7,3143683.0,3328330.0854661064,3283683.0
2025-06-01,2025-06-02,1,3352136.0,3331468.8967399406,3318031.0
2025-06-01,2025-06-03,2,3338895.0,3336735.4320638594,3318031.0
2025-06-01,2025-06-04,3,2989880.0,3333804.9317885744,3318031.0
2025-06-01,2025-06-05,4,2918300.0,3342246.371823544,3318031.0
2025-06-01,2025-06-06,5,3008667.0,3341717.7870518733,3318031.0
2025-06-01,2025-06-07,6,3143683.0,3349962.065014804,3318031.0
2025-06-01,2025-06-08,7,3100668.0,3362798.563238405,3318031.0
2025-06-02,2025-06-03,1,3338895.0,3357391.248269177,3352136.0
2025-06-02,2025-06-04,2,2989880.0,3354478.509109894,3352136.0
2025-06-02,2025-06-05,3,2918300.0,3362898.1613823404,3352136.0
2025-06-02,2025-06-06,4,3008667.0,3362194.503211878,3352136.0
2025-06-02,2025-06-07,5,3143683.0,3370511.6923110727,3352136.0
2025-06-02,2025-06-08,6,3100668.0,3383394.150350276,3352136.0
2025-06-02,2025-06-09,7,3139958.0,3396621.6821444924,3352136.0
2025-06-03,2025-06-04,1,2989880.0,3335981.359968453,3338895.0
2025-06-03,2025-06-05,2,2918300.0,3344444.016041206,3338895.0
2025-06-03,2025-06-06,3,3008667.0,3343844.9853016855,3338895.0
2025-06-03,2025-06-07,4,3143683.0,3352123.1555400463,3338895.0
2025-06-03,2025-06-08,5,3100668.0,3364968.143064438,3338895.0
2025-06-03,2025-06-09,6,3139958.0,3378233.1534894323,3338895.0
2025-06-03,2025-06-10,7,3063389.0,3382701.8875187123,3338895.0
2025-06-04,2025-06-05,1,2918300.0,2998409.1691222205,2989880.0
2025-06-04,2025-06-06,2,3008667.0,2998567.2310187696,2989880.0
2025-06-04,2025-06-07,3,3143683.0,3006735.0457575014,2989880.0
2025-06-04,2025-06-08,4,3100668.0,3019496.0213072253,2989880.0
2025-06-04,2025-06-09,5,3139958.0,3032669.1986713237,2989880.0
2025-06-04,2025-06-10,6,3063389.0,3037645.9646892957,2989880.0
2025-06-04,2025-06-11,7,3173831.0,3035185.072036403,2989880.0
2025-06-05,2025-06-06,1,3008667.0,2918435.6710021873,2918300.0
2025-06-05,2025-06-07,2,3143683.0,2926600.994139253,2918300.0
2025-06-05,2025-06-08,3,3100668.0,2939389.882300764,2918300.0
2025-06-05,2025-06-09,4,3139958.0,2952494.638461531,2918300.0
2025-06-05,2025-06-10,5,3063389.0,2957498.3855587095,2918300.0
2025-06-05,2025-06-11,6,3173831.0,2955382.9039243204,2918300.0
2025-06-05,2025-06-12,7,2883338.0,2965174.1373742945,2918300.0
2025-06-06,2025-06-07,1,3143683.0,3016843.3193696807,3008667.0
2025-06-06,2025-06-08,2,3100668.0,3029602.7321449975,3008667.0
2025-06-06,2025-06-09,3,3139958.0,3042608.0280400584,3008667.0
2025-06-06,2025-06-10,4,3063389.0,3047571.019459606,3008667.0
2025-06-06,2025-06-11,5,3173831.0,3045461.7201625756,3008667.0
2025-06-06,2025-06-12,6,2883338.0,3054501.5386726325,3008667.0
2025-06-06,2025-06-13,7,3180133.0,3056632.983961923,3008667.0
2025-06-07,2025-06-08,1,3100668.0,3156406.5257757152,3143683.0
2025-06-07,2025-06-09,2,3139958.0,3169286.57878356,3143683.0
2025-06-07,2025-06-10,3,3063389.0,3174166.2751388,3143683.0
2025-06-07,2025-06-11,4,3173831.0,3172163.4559674715,3143683.0
2025-06-07,2025-06-12,5,2883338.0,3180475.463473046,3143683.0
2025-06-07,2025-06-13,6,3180133.0,3181053.003753672,3143683.0
2025-06-07,2025-06-14,7,2961838.0,3188453.357836148,3143683.0
2025-06-08,2025-06-09,1,3139958.0,3113594.385256124,3100668.0
2025-06-08,2025-06-10,2,3063389.0,3118496.844191622,3100668.0
2025-06-08,2025-06-11,3,3173831.0,3116471.296256562,3100668.0
2025-06-08,2025-06-12,4,2883338.0,3124961.0434249537,3100668.0
2025-06-08,2025-06-13,5,3180133.0,3126060.8999077496,3100668.0
2025-06-08,2025-06-14,6,2961838.0,3133139.3134445995,3100668.0
2025-06-08,2025-06-15,7,2939845.0,3145259.2367682275,3100668.0
2025-06-09,2025-06-10,1,3063389.0,3144849.3283385513,3139958.0
2025-06-09,2025-06-11,2,3173831.0,3142833.295697693,3139958.0
2025-06-09,2025-06-12,3,2883338.0,3151274.149579538,3139958.0
2025-06-09,2025-06-13,4,3180133.0,3152139.3582016854,3139958.0
2025-06-09,2025-06-14,5,2961838.0,3159369.8040779745,3139958.0
2025-06-09,2025-06-15,6,2939845.0,3171524.2355887005,3139958.0
2025-06-09,2025-06-16,7,2635845.0,3184628.6463700114,3139958.0
2025-06-10,2025-06-11,1,3173831.0,3061355.147853271,3063389.0
2025-06-10,2025-06-12,2,2883338.0,3069882.12566458,3063389.0
2025-06-10,2025-06-13,3,3180133.0,3071293.2220168277,3063389.0
2025-06-10,2025-06-14,4,2961838.0,3078168.828376163,3063389.0
2025-06-10,2025-06-15,5,2939845.0,3090148.0280576707,3063389.0
2025-06-10,2025-06-16,6,2635845.0,3103308.7347886027,3063389.0
2025-06-10,2025-06-17,7,2284318.0,3108250.7175783953,3063389.0
2025-06-11,2025-06-12,1,2883338.0,3182368.324766617,3173831.0
2025-06-11,2025-06-13,2,3180133.0,3183552.5059142276,3173831.0
2025-06-11,2025-06-14,3,2961838.0,3190496.4423977165,3173831.0
2025-06-11,2025-06-15,4,2939845.0,3202498.229715319,3173831.0
2025-06-11,2025-06-16,5,2635845.0,3215710.728034554,3173831.0
2025-06-11,2025-06-17,6,2284318.0,3220497.6273324518,3173831.0
2025-06-11,2025-06-18,7,2030895.0,3216495.8999837963,3173831.0
2025-06-12,2025-06-13,1,3180133.0,2884404.345883227,2883338.0
2025-06-12,2025-06-14,2,2961838.0,2891284.9489725046,2883338.0
2025-06-12,2025-06-15,3,2939845.0,2903574.766524822,2883338.0
2025-06-12,2025-06-16,4,2635845.0,2916755.0895463945,2883338.0
2025-06-12,2025-06-17,5,2284318.0,2921556.653493692,2883338.0
2025-06-12,2025-06-18,6,2030895.0,2917989.2685410264,2883338.0
2025-06-12,2025-06-19,7,2003838.0,2927684.3809945555,2883338.0
2025-06-13,2025-06-14,1,2961838.0,3187032.6422445346,3180133.0
2025-06-13,2025-06-15,2,2939845.0,3199204.080311836,3180133.0
2025-06-13,2025-06-16,3,2635845.0,3212078.16988797,3180133.0
2025-06-13,2025-06-17,4,2284318.0,3216610.179147036,3180133.0
2025-06-13,2025-06-18,5,2030895.0,3213416.2535416526,3180133.0
2025-06-13,2025-06-19,6,2003838.0,3220845.039206874,3180133.0
2025-06-13,2025-06-20,7,2098685.0,3219487.628844739,3180133.0
2025-06-14,2025-06-15,1,2939845.0,2974048.894288544,2961838.0
2025-06-14,2025-06-16,2,2635845.0,2987109.8188204383,2961838.0
2025-06-14,2025-06-17,3,2284318.0,2991923.88857009,2961838.0
2025-06-14,2025-06-18,4,2030895.0,2988326.342206631,2961838.0
2025-06-14,2025-06-19,5,2003838.0,2996708.792692929,2961838.0
2025-06-14,2025-06-20,6,2098685.0,2998098.8886441104,2961838.0
2025-06-14,2025-06-21,7,2300386.0,3003592.3711856445,2961838.0
2025-06-15,2025-06-16,1,2635845.0,2952925.162979213,2939845.0
2025-06-15,2025-06-17,2,2284318.0,2957751.701558483,2939845.0
2025-06-15,2025-06-18,3,2030895.0,2954156.5744293234,2939845.0
2025-06-15,2025-06-19,4,2003838.0,2962644.720948798,2939845.0
2025-06-15,2025-06-20,5,2098685.0,2964329.4698759485,2939845.0
2025-06-15,2025-06-21,6,2300386.0,2969556.3217315674,2939845.0
2025-06-15,2025-06-22,7,2638858.0,2981466.905426552,2939845.0
2025-06-16,2025-06-17,1,2284318.0,2640834.700613881,2635845.0
2025-06-16,2025-06-18,2,2030895.0,2637224.577207919,2635845.0
2025-06-16,2025-06-19,3,2003838.0,2646360.0523007917,2635845.0
2025-06-16,2025-06-20,4,2098685.0,2650421.4888138007,2635845.0
2025-06-16,2025-06-21,5,2300386.0,2653628.774426995,2635845.0
2025-06-16,2025-06-22,6,2638858.0,2664905.436223199,2635845.0
2025-06-16,2025-06-23,7,2768308.0,2677758.3936265353,2635845.0
2025-06-17,2025-06-18,1,2030895.0,2280716.0036071087,2284318.0
2025-06-17,2025-06-19,2,2003838.0,2290136.679167766,2284318.0
2025-06-17,2025-06-20,3,2098685.0,2295771.477366076,2284318.0
2025-06-17,2025-06-21,4,2300386.0,2297952.755815903,2284318.0
2025-06-17,2025-06-22,5,2638858.0,2308524.750638301,2284318.0
2025-06-17,2025-06-23,6,2768308.0,2320682.9840283697,2284318.0
2025-06-17,2025-06-24,7,2846839.0,2326641.565547551,2284318.0
2025-06-18,2025-06-19,1,2003838.0,2040366.425599947,2030895.0
2025-06-18,2025-06-20,2,2098685.0,2046244.5842051308,2030895.0
2025-06-18,2025-06-21,3,2300386.0,2048669.0422561374,2030895.0
2025-06-18,2025-06-22,4,2638858.0,2059114.1583732148,2030895.0
2025-06-18,2025-06-23,5,2768308.0,2070785.4274705453,2030895.0
2025-06-18,2025-06-24,6,2846839.0,2076782.7951928594,2030895.0
2025-06-18,2025-06-25,7,2930388.0,2075937.7749242578,2030895.0
2025-06-19,2025-06-20,1,2098685.0,2009699.8991683982,2003838.0
2025-06-19,2025-06-21,2,2300386.0,2012155.2472636204,2003838.0
2025-06-19,2025-06-22,3,2638858.0,2022619.4620530407,2003838.0
2025-06-19,2025-06-23,4,2768308.0,2034281.5583048605,2003838.0
2025-06-19,2025-06-24,5,2846839.0,2040191.179806217,2003838.0
2025-06-19,2025-06-25,6,2930388.0,2039303.91125487,2003838.0
2025-06-19,2025-06-26,7,3036845.0,2053764.9734427414,2003838.0
2025-06-20,2025-06-21,1,2300386.0,2101146.366760593,2098685.0
2025-06-20,2025-06-22,2,2638858.0,2111583.9187970427,2098685.0
2025-06-20,2025-06-23,3,2768308.0,2123209.3290774636,2098685.0
2025-06-20,2025-06-24,4,2846839.0,2129174.37857093,2098685.0
2025-06-20,2025-06-25,5,2930388.0,2128670.345781012,2098685.0
2025-06-20,2025-06-26,6,3036845.0,2143050.1743600257,2098685.0
2025-06-20,2025-06-27,7,3303849.0,2155440.6244842983,2098685.0
2025-06-21,2025-06-22,1,2638858.0,2310797.2797516375,2300386.0
2025-06-21,2025-06-23,2,2768308.0,2322349.3126786165,2300386.0
2025-06-21,2025-06-24,3,2846839.0,2327921.1909461115,2300386.0
2025-06-21,2025-06-25,4,2930388.0,2327926.674784183,2300386.0
2025-06-21,2025-06-26,5,3036845.0,2342446.7184047597,2300386.0
2025-06-21,2025-06-27,6,3303849.0,2354293.672923649,2300386.0
2025-06-21,2025-06-28,7,3449835.0,2352656.1104502357,2300386.0
2025-06-22,2025-06-23,1,2768308.0,2650316.0130640417,2638858.0
2025-06-22,2025-06-24,2,2846839.0,2655820.292546128,2638858.0
2025-06-22,2025-06-25,3,2930388.0,2655598.857943656,2638858.0
2025-06-22,2025-06-26,4,3036845.0,2670112.275328604,2638858.0
2025-06-22,2025-06-27,5,3303849.0,2681569.090836724,2638858.0
2025-06-22,2025-06-28,6,3449835.0,2679910.405433696,2638858.0
2025-06-22,2025-06-29,7,3513810.0,2686522.444884409,2638858.0
2025-06-23,2025-06-24,1,2846839.0,2773706.100548913,2768308.0
2025-06-23,2025-06-25,2,2930388.0,2773482.5114673628,2768308.0
2025-06-23,2025-06-26,3,3036845.0,2787961.132097521,2768308.0
2025-06-23,2025-06-27,4,3303849.0,2798974.3000288,2768308.0
2025-06-23,2025-06-28,5,3449835.0,2797776.1764400713,2768308.0
2025-06-23,2025-06-29,6,3513810.0,2804572.8009203207,2768308.0
2025-06-23,2025-06-30,7,3548933.0,2815129.9336048043,2768308.0
2025-06-24,2025-06-25,1,2930388.0,2846654.8152031437,2846839.0
2025-06-24,2025-06-26,2,3036845.0,2861090.377926553,2846839.0
2025-06-24,2025-06-27,3,3303849.0,2871749.1874373276,2846839.0
2025-06-24,2025-06-28,4,3449835.0,2870875.9133481877,2846839.0
2025-06-24,2025-06-29,5,3513810.0,2877889.726498304,2846839.0
2025-06-24,2025-06-30,6,3548933.0,2888477.542946192,2846839.0
2025-06-24,2025-07-01,7,3583030.0,2893196.653184359,2846839.0
2025-06-25,2025-06-26,1,3036845.0,2944845.19808612,2930388.0
2025-06-25,2025-06-27,2,3303849.0,2955389.4263841254,2930388.0
2025-06-25,2025-06-28,3,3449835.0,2954510.584742077,2930388.0
2025-06-25,2025-06-29,4,3513810.0,2961603.535327301,2930388.0
2025-06-25,2025-06-30,5,3548933.0,2972334.851077797,2930388.0
2025-06-25,2025-07-01,6,3583030.0,2976899.6312562767,2930388.0
2025-06-25,2025-07-02,7,3585386.0,2972958.7727533868,2930388.0
2025-06-26,2025-06-27,1,3303849.0,3047420.4657506687,3036845.0
2025-06-26,2025-06-28,2,3449835.0,3046563.7159380773,3036845.0
2025-06-26,2025-06-29,3,3513810.0,3053562.678222455,3036845.0
2025-06-26,2025-06-30,4,3548933.0,3064236.285845187,3036845.0
2025-06-26,2025-07-01,5,3583030.0,3068811.2096289294,3036845.0
2025-06-26,2025-07-02,6,3585386.0,3064693.8698888924,3036845.0
2025-06-26,2025-07-03,7,3485303.0,3071883.18810576,3036845.0
2025-06-27,2025-06-28,1,3449835.0,3302915.732574963,3303849.0
2025-06-27,2025-06-29,2,3513810.0,3309846.8205819633,3303849.0
2025-06-27,2025-06-30,3,3548933.0,3320172.4723798577,3303849.0
2025-06-27,2025-07-01,4,3583030.0,3324530.3846923313,3303849.0
2025-06-27,2025-07-02,5,3585386.0,3320591.2291897116,3303849.0
2025-06-27,2025-07-03,6,3485303.0,3326002.119148913,3303849.0
2025-06-27,2025-07-04,7,3268133.0,3323587.7106932253,3303849.0
2025-06-28,2025-06-29,1,3513810.0,3456741.882588282,3449835.0
2025-06-28,2025-06-30,2,3548933.0,3466941.7901125955,3449835.0
2025-06-28,2025-07-01,3,3583030.0,3471170.4813616863,3449835.0
2025-06-28,2025-07-02,4,3585386.0,3467222.106572193,3449835.0
2025-06-28,2025-07-03,5,3485303.0,3471901.245676142,3449835.0
2025-06-28,2025-07-04,6,3268133.0,3468132.0664636493,3449835.0
2025-06-28,2025-07-05,7,2968183.0,3476432.2030157926,3449835.0
2025-06-29,2025-06-30,1,3548933.0,3523968.4087848756,3513810.0
2025-06-29,2025-07-01,2,3583030.0,3528169.8060391694,3513810.0
2025-06-29,2025-07-02,3,3585386.0,3524201.2756981608,3513810.0
2025-06-29,2025-07-03,4,3485303.0,3528753.935582688,3513810.0
2025-06-29,2025-07-04,5,3268133.0,3524709.5042735934,3513810.0
2025-06-29,2025-07-05,6,2968183.0,3533156.285516188,3513810.0
2025-06-29,2025-07-06,7,2893313.0,3544299.9257223275,3513810.0
2025-06-30,2025-07-01,1,3583030.0,3553128.74132753,3548933.0
2025-06-30,2025-07-02,2,3585386.0,3549141.3030393873,3548933.0
2025-06-30,2025-07-03,3,3485303.0,3553640.709559896,3548933.0
2025-06-30,2025-07-04,4,3268133.0,3549519.673898966,3548933.0
2025-06-30,2025-07-05,5,2968183.0,3558008.494043647,3548933.0
2025-06-30,2025-07-06,6,2893313.0,3569128.230925371,3548933.0
2025-06-30,2025-07-07,7,3030143.0,3577395.4671535254,3548933.0
2025-07-01,2025-07-02,1,3585386.0,3579029.5811254727,3583030.0
2025-07-01,2025-07-03,2,3485303.0,3583474.1557265106,3583030.0
2025-07-01,2025-07-04,3,3268133.0,3579295.500762559,3583030.0
2025-07-01,2025-07-05,4,2968183.0,3587782.382994833,3583030.0
2025-07-01,2025-07-06,5,2893313.0,3598855.503569456,3583030.0
2025-07-01,2025-07-07,6,3030143.0,3607103.7195796086,3583030.0
2025-07-01,2025-07-08,7,3167845.0,3607938.8478379045,3583030.0
2025-07-02,2025-07-03,1,3485303.0,3589828.7309240177,3585386.0
2025-07-02,2025-07-04,2,3268133.0,3585645.567540765,3585386.0
2025-07-02,2025-07-05,3,2968183.0,3594119.8826500503,3585386.0
2025-07-02,2025-07-06,4,2893313.0,3605182.3667998994,3585386.0
2025-07-02,2025-07-07,5,3030143.0,3613417.517907795,3585386.0
2025-07-02,2025-07-08,6,3167845.0,3614240.3087136773,3585386.0
2025-07-02,2025-07-09,7,3449895.0,3605083.4552636947,3585386.0
2025-07-03,2025-07-04,1,3268133.0,3481153.4155256995,3485303.0
2025-07-03,2025-07-05,2,2968183.0,3489676.0503932433,3485303.0
2025-07-03,2025-07-06,3,2893313.0,3500908.1825874695,3485303.0
2025-07-03,2025-07-07,4,3030143.0,3509418.08620915,3485303.0
2025-07-03,2025-07-08,5,3167845.0,3510419.9661826966,3485303.0
2025-07-03,2025-07-09,6,3449895.0,3501798.0892787636,3485303.0
2025-07-03,2025-07-10,7,3578308.0,3498097.151591125,3485303.0
2025-07-04,2025-07-05,1,2968183.0,3276848.0689383037,3268133.0
2025-07-04,2025-07-06,2,2893313.0,3288145.3308606236,3268133.0
2025-07-04,2025-07-07,3,3030143.0,3297175.1297593485,3268133.0
2025-07-04,2025-07-08,4,3167845.0,3298529.1668102522,3268133.0
2025-07-04,2025-07-09,5,3449895.0,3290187.771390565,3268133.0
2025-07-04,2025-07-10,6,3578308.0,3288034.866359058,3268133.0
2025-07-04,2025-07-11,7,3653108.0,3280921.2141981395,3268133.0
2025-07-05,2025-07-06,1,2893313.0,2979541.777340071,2968183.0
2025-07-05,2025-07-07,2,3030143.0,2988854.3040421694,2968183.0
2025-07-05,2025-07-08,3,3167845.0,2990514.746439188,2968183.0
2025-07-05,2025-07-09,4,3449895.0,2982102.1703876145,2968183.0
2025-07-05,2025-07-10,5,3578308.0,2981604.8398641488,2968183.0
2025-07-05,2025-07-11,6,3653108.0,2977677.2572786408,2968183.0
2025-07-05,2025-07-12,7,3780036.0,2986289.966747707,2968183.0
2025-07-06,2025-07-07,1,3030143.0,2902677.107275277,2893313.0
2025-07-06,2025-07-08,2,3167845.0,2904352.4216170018,2893313.0
2025-07-06,2025-07-09,3,3449895.0,2895957.303009023,2893313.0
2025-07-06,2025-07-10,4,3578308.0,2895823.37062718,2893313.0
2025-07-06,2025-07-11,5,3653108.0,2892533.7410958447,2893313.0
2025-07-06,2025-07-12,6,3780036.0,2900508.385916202,2893313.0
2025-07-06,2025-07-13,7,3830183.0,2912571.0249458635,2893313.0
2025-07-07,2025-07-08,1,3167845.0,3031736.4613268254,3030143.0
2025-07-07,2025-07-09,2,3449895.0,3023370.421324464,3030143.0
2025-07-07,2025-07-10,3,3578308.0,3022896.0466990652,3030143.0
2025-07-07,2025-07-11,4,3653108.0,3018588.559336341,3030143.0
2025-07-07,2025-07-12,5,3780036.0,3027528.01039601,3030143.0
2025-07-07,2025-07-13,6,3830183.0,3039414.1325684497,3030143.0
2025-07-07,2025-07-14,7,3858345.0,3048559.1529395105,3030143.0
2025-07-08,2025-07-09,1,3449895.0,3159418.3499610214,3167845.0
2025-07-08,2025-07-10,2,3578308.0,3158897.5303092278,3167845.0
2025-07-08,2025-07-11,3,3653108.0,3153651.147831502,3167845.0
2025-07-08,2025-07-12,4,3780036.0,3163181.431321111,3167845.0
2025-07-08,2025-07-13,5,3830183.0,3174784.791422764,3167845.0
2025-07-08,2025-07-14,6,3858345.0,3183562.988150798,3167845.0
2025-07-08,2025-07-15,7,3813318.0,3185353.79832961,3167845.0
2025-07-09,2025-07-10,1,3578308.0,3449436.6536190677,3449895.0
2025-07-09,2025-07-11,2,3653108.0,3443505.6194931874,3449895.0
2025-07-09,2025-07-12,3,3780036.0,3452538.4727005777,3449895.0
2025-07-09,2025-07-13,4,3830183.0,3463681.7567059724,3449895.0
2025-07-09,2025-07-14,5,3858345.0,3471787.8711632756,3449895.0
2025-07-09,2025-07-15,6,3813318.0,3472901.5333557003,3449895.0
2025-07-09,2025-07-16,7,3708335.0,3464071.420594546,3449895.0
2025-07-10,2025-07-11,1,3653108.0,3572367.635218153,3578308.0
2025-07-10,2025-07-12,2,3780036.0,3581352.9487018273,3578308.0
2025-07-10,2025-07-13,3,3830183.0,3592298.6125339717,3578308.0
2025-07-10,2025-07-14,4,3858345.0,3600085.214923132,3578308.0
2025-07-10,2025-07-15,5,3813318.0,3601029.494249108,3578308.0
2025-07-10,2025-07-16,6,3708335.0,3591749.3727970514,3578308.0
2025-07-10,2025-07-17,7,3698380.0,3589153.0334582636,3578308.0
2025-07-11,2025-07-12,1,3780036.0,3662020.785601376,3653108.0
2025-07-11,2025-07-13,2,3830183.0,3672923.0524597336,3653108.0
2025-07-11,2025-07-14,3,3858345.0,3680553.861660831,3653108.0
2025-07-11,2025-07-15,4,3813318.0,3681351.9034473337,3653108.0
2025-07-11,2025-07-16,5,3708335.0,3671904.813121566,3653108.0
2025-07-11,2025-07-17,6,3698380.0,3668882.4879013514,3653108.0
2025-07-11,2025-07-18,7,3653033.0,3658719.198715384,3653108.0
2025-07-12,2025-07-13,1,3830183.0,3790892.6199583467,3780036.0
2025-07-12,2025-07-14,2,3858345.0,3798413.1038692454,3780036.0
2025-07-12,2025-07-15,3,3813318.0,3799074.491550777,3780036.0
2025-07-12,2025-07-16,4,3708335.0,3789386.900794496,3780036.0
2025-07-12,2025-07-17,5,3698380.0,3786089.7930765096,3780036.0
2025-07-12,2025-07-18,6,3653033.0,3775692.5160721284,3780036.0
2025-07-12,2025-07-19,7,3738303.0,3786002.3471463067,3780036.0
2025-07-13,2025-07-14,1,3858345.0,3837688.551885497,3830183.0
2025-07-13,2025-07-15,2,3813318.0,3838322.5157167697,3830183.0
2025-07-13,2025-07-16,3,3708335.0,3828561.39430546,3830183.0
2025-07-13,2025-07-17,4,3698380.0,3825266.7743566004,3830183.0
2025-07-13,2025-07-18,5,3653033.0,3814777.8212000057,3830183.0
2025-07-13,2025-07-19,6,3738303.0,3825015.0351162557,3830183.0
2025-07-13,2025-07-20,7,3836331.0,3834129.034460422,3830183.0
2025-07-14,2025-07-15,1,3813318.0,3858964.0243098745,3858345.0
2025-07-14,2025-07-16,2,3708335.0,3849177.6568326075,3858345.0
2025-07-14,2025-07-17,3,3698380.0,3845849.2929501464,3858345.0
2025-07-14,2025-07-18,4,3653033.0,3835334.94313133,3858345.0
2025-07-14,2025-07-19,5,3738303.0,3845518.327449952,3858345.0
2025-07-14,2025-07-20,6,3836331.0,3854595.389227763,3858345.0
2025-07-14,2025-07-21,7,3895813.0,3857744.159399986,3858345.0
2025-07-15,2025-07-16,1,3708335.0,3803569.334793472,3813318.0
2025-07-15,2025-07-17,2,3698380.0,3800286.170531099,3813318.0
2025-07-15,2025-07-18,3,3653033.0,3789843.097833991,3813318.0
2025-07-15,2025-07-19,4,3738303.0,3800135.84119193,3813318.0
2025-07-15,2025-07-20,5,3836331.0,3809341.7610690743,3813318.0
2025-07-15,2025-07-21,6,3895813.0,3812607.8732352825,3813318.0
2025-07-15,2025-07-22,7,3899013.0,3810168.9155595247,3813318.0
2025-07-16,2025-07-17,1,3698380.0,3705073.28623666,3708335.0
2025-07-16,2025-07-18,2,3653033.0,3694745.8840953587,3708335.0
2025-07-16,2025-07-19,3,3738303.0,3705273.6387852444,3708335.0
2025-07-16,2025-07-20,4,3836331.0,3714723.27031025,3708335.0
2025-07-16,2025-07-21,5,3895813.0,3718315.956787977,3708335.0
2025-07-16,2025-07-22,6,3899013.0,3716045.519262719,3708335.0
2025-07-16,2025-07-23,7,3881190.0,3704166.3046794073,3708335.0
